[STATUS]: Found Stratix10 in device tree.
[STATUS]: Invalidating icache...
[STATUS]: Invalidating dcache...
[STATUS]: Invalidate icache check...
[STATUS]: Invalidate dcache check...
[STATUS]: seq_size=0x0000_0000_0080_0000
[STATUS]: rqd_size=0x0000_0000_0fff_ff00
[STATUS]: rqd_buffer_end_addr=0x0000_0000_107f_ff00
[STATUS]: chkpt_start_addr=0x0000_0000_83ff_fa00
[STATUS]: msp_base_addr=0x0000_0000_8400_0000
[STATUS]: msp_limit_addr=0x0000_000f_7c00_0000
[STATUS]: Clearing checkpoint buffer on MSP[0] at addr=0x83fffa00 and buffer end=0x83fffb00
[STATUS]: set_enable_seq()...
[STATUS]: per_msp_set_enable_queue(do_enable=1, msp_id=0)...
[STATUS]: set_enable_runq()...
[STATUS]: per_msp_set_enable_queue(do_enable=1, msp_id=0)...
[STATUS]: Resetting NODE and MSP counters...
[STATUS]: SRIO_PORT_0_CONTROL=0xd06f_0101
[STATUS]: SRIO_PORT_0_ERR_STATUS=0xe000_0002
[STATUS]: SRIO_PORT_0_ERR_DETECT=0x0000_0000
[STATUS]: SRIO_PORT_1_CONTROL=0xd06f_0101
[STATUS]: SRIO_PORT_1_ERR_STATUS=0xe000_0002
[STATUS]: SRIO_PORT_1_ERR_DETECT=0x0000_0000
[STATUS]: SRIO_PORT_2_CONTROL=0xd06f_0101
[STATUS]: SRIO_PORT_2_ERR_STATUS=0xe000_0002
[STATUS]: SRIO_PORT_2_ERR_DETECT=0x0000_0000
[STATUS]: SRIO_PORT_3_CONTROL=0xd06f_0101
[STATUS]: SRIO_PORT_3_ERR_STATUS=0xe000_0002
[STATUS]: SRIO_PORT_3_ERR_DETECT=0x0000_0000
[STATUS]: SRIO_PORT_4_CONTROL=0xd06f_0101
[STATUS]: SRIO_PORT_4_ERR_STATUS=0xe000_0002
[STATUS]: SRIO_PORT_4_ERR_DETECT=0x0000_0000
[STATUS]: SRIO_PORT_5_CONTROL=0xd06f_0101
[STATUS]: SRIO_PORT_5_ERR_STATUS=0xe000_0002
[STATUS]: SRIO_PORT_5_ERR_DETECT=0x0000_0000
[STATUS]: set_enable_gcs()...
[STATUS]: Calling runtime service get_argv_and_env_size
[STATUS]: Calling runtime service set_argv_and_env
[STATUS]: Calling runtime service get_argc
[STATUS]: Calling system service ioctl
[STATUS]: Calling system service writev
[STATUS]: Calling system service writev
[STATUS]: Calling system service writev
[STATUS]: Calling system service writev
[STATUS]: Calling system service writev
[STATUS]: Calling system service writev
[STATUS]: Calling system service open
[STATUS]: Calling system service writev
[STATUS]: Calling system service readv
[STATUS]: x10_write_dma: 320 MB/s, (82799280 ns, 27800064 bytes).
[STATUS]: x10_write_dma: 0 MB/s, (3494 ns, 0 bytes).
[STATUS]: Calling system service open
[STATUS]: Calling system service open
[STATUS]: Calling system service lseek
[STATUS]: Calling system service lseek
[STATUS]: Calling system service lseek
[STATUS]: Calling system service lseek
[STATUS]: Calling system service lseek
[STATUS]: Calling system service lseek
[STATUS]: Calling system service writev
[STATUS]: Calling system service writev
[STATUS]: Calling system service writev
[STATUS]: Calling system service readv
[STATUS]: x10_write_dma: 361 MB/s, (347919867 ns, 131881728 bytes).
[STATUS]: x10_write_dma: 0 MB/s, (3494 ns, 0 bytes).
[STATUS]: Calling system service writev
[STATUS]: Calling system service readv
[FATAL]: in /data/yjuan/Projects/sc-driver-10-chk2invb4load/include/common_runtime_and_os_services.h:88:gc_addr_translate_for_sc() gc_addr(0x180001300000580) is not accessible from node 0.
[STATUS]: x10_write_dma: 407 MB/s, (305911920 ns, 130812160 bytes).
[STATUS]: x10_write_dma: 0 MB/s, (3520 ns, 0 bytes).
[STATUS]: consumer_exit_cond = SFR_CONSUMER_ERROR.
[STATUS]: Writing checkpoint flag...
[STATUS]: write_checkpoint_flag: Node[0] sending checkpoint flags (WRD to addr 0x83fffa00) to nodes 0-31
[STATUS]: write_checkpoint_flag: Node[0] completed sending checkpoint flags
[STATUS]: chkpt_val = 0x1
[STATUS]: Checkpointing node
[STATUS]: checkpoint_node_phase1() Starting...
[STATUS]: write_checkpoint_flag: Node[0] sending checkpoint flags (WRD to addr 0x83fffa00) to nodes 0-31
[STATUS]: write_checkpoint_flag: Node[0] completed sending checkpoint flags
[STATUS]: Verifying GC checkpoint for cluster[0].
[STATUS]: Verifying GC checkpoint for cluster[1].
[STATUS]: Verifying GC checkpoint for cluster[2].
[STATUS]: Verifying GC checkpoint for cluster[3].
[STATUS]: Verifying GC checkpoint for cluster[4].
[STATUS]: Verifying GC checkpoint for cluster[5].
[STATUS]: checkpoint_node_phase1() Concluded.
[STATUS]: Done checkpointing node
Printing thread during checkpointing...
A=0x0080_0000_0001_4230
Raw TCB0=0x000b_ffff_7000_3a00
Raw TCB1=0x0429_0000_8001_ed88
Printing selected TCB fields...
	TCB.FenceCnt=0x0
	TCB.AID=0x1
	TCB.TS (thread state)=0x1
	TCB.TS_data (except_code)=0x3, CAUSE=0
	TCB.Z=0, N=0, CB=0, V=0, U=0, NaN=0
	TCB.M=0, WO=0x0, NoM=0x0, RND=0x0
	TCB.D2=1, D=1, A2=1, EMask=0xffff
	TCB.TSR_LEN=0xb
	TCB.TPC=0x8001ed88
	TCB.LAST_NODE=0x0000, LAST_CONTEXT=0x29, LAST_GC=0x10
	TCB.RTS=0, TL=0, SP=0, MG=0, QD=0
D=0x0000_0000_0000_0016
D2=0x0180_0001_8000_2c10
A2=0x0080_0000_0001_4a88
E[0]=0x0180_0002_01a8_3d40
E[1]=0x0000_0000_0000_0014
E[2]=0x0000_0000_0000_0014
E[3]=0x0000_0000_0000_0001
E[4]=0x0180_0002_01a8_3d48
E[5]=0x0000_0000_0000_0002
E[6]=0x0180_0003_0000_0068
E[7]=0x0080_0000_0001_4838
E[8]=0x0000_0000_0000_0005
E[9]=0x0000_0000_07dc_5bd0
E[10]=0x0180_0002_ffff_ffe8
E[11]=0x0180_0001_8000_17a0
E[12]=0x0180_0000_0001_5100
E[13]=0x0180_0002_01a8_3d48
E[14]=0x0000_0000_0000_0014
E[15]=0x0180_0002_8000_1dd0
ThreadID=0x0000_009d_c831_82cd

Received checkpointed thread, now printing it...
A=0x0180_0002_004f_1558
Raw TCB0=0x000b_ffff_7040_ba00
Raw TCB1=0x41a7_0000_8000_3316
Printing selected TCB fields...
	TCB.FenceCnt=0x0
	TCB.AID=0x1
	TCB.TS (thread state)=0x1
	TCB.TS_data (except_code)=0xb, CAUSE=0
	TCB.Z=0, N=0, CB=0, V=0, U=0, NaN=0
	TCB.M=1, WO=0x0, NoM=0x0, RND=0x0
	TCB.D2=1, D=1, A2=1, EMask=0xffff
	TCB.TSR_LEN=0xb
	TCB.TPC=0x80003316
	TCB.LAST_NODE=0x0000, LAST_CONTEXT=0x27, LAST_GC=0x06
	TCB.RTS=0, TL=0, SP=0, MG=1, QD=0
D=0x0000_0000_004f_0b48
D2=0x0080_0000_0001_4a88
A2=0x0080_0000_0001_4a80
E[0]=0x0180_0012_0000_0010
E[1]=0x0000_0000_000e_6160
E[2]=0x0280_0080_c88c_2930
E[3]=0x0280_0080_c878_5b00
E[4]=0x0280_0080_c8e2_a800
E[5]=0x0280_0080_c878_1b00
E[6]=0x0280_0080_c94c_f500
E[7]=0x0000_0000_0009_e168
E[8]=0x0000_0000_0000_016c
E[9]=0x0000_0000_0000_016c
E[10]=0x0000_0000_0009_86fc
E[11]=0x0000_0000_0002_79c7
E[12]=0x0000_0000_0000_0001
E[13]=0x0180_0000_0001_5100
E[14]=0x0000_0000_0035_0664
E[15]=0x0180_0002_0000_0a10
ThreadID=0x0000_015d_96e4_86ec

Received checkpointed thread, now printing it...
A=0x0180_0000_0001_5190
Raw TCB0=0x000b_ffff_7041_ba00
Raw TCB1=0x45eb_0000_8001_e495
Printing selected TCB fields...
	TCB.FenceCnt=0x0
	TCB.AID=0x1
	TCB.TS (thread state)=0x1
	TCB.TS_data (except_code)=0xb, CAUSE=0
	TCB.Z=1, N=0, CB=0, V=0, U=0, NaN=0
	TCB.M=1, WO=0x0, NoM=0x0, RND=0x0
	TCB.D2=1, D=1, A2=1, EMask=0xffff
	TCB.TSR_LEN=0xb
	TCB.TPC=0x8001e495
	TCB.LAST_NODE=0x0000, LAST_CONTEXT=0x2b, LAST_GC=0x17
	TCB.RTS=0, TL=0, SP=0, MG=1, QD=0
D=0x0000_0000_0000_0000
D2=0x0080_0000_0001_4a98
A2=0x0080_0000_0001_4a98
E[0]=0x0180_0003_0000_0050
E[1]=0x0000_0000_8001_561d
E[2]=0x0180_0000_0001_5190
E[3]=0x0000_0000_0000_0000
E[4]=0xffff_ffff_ffff_ffff
E[5]=0x0180_0000_0001_4e9f
E[6]=0x0180_0003_0000_0068
E[7]=0x0080_0000_0001_4938
E[8]=0x0000_0000_0000_0006
E[9]=0x0000_0000_07cc_0a70
E[10]=0x0180_0013_7fff_ffe8
E[11]=0x0180_0002_8000_0870
E[12]=0x0180_0003_0000_00e0
E[13]=0x0180_0000_0001_5100
E[14]=0x0180_0003_0000_0058
E[15]=0x0000_0000_8000_e9a1
ThreadID=0x0000_015d_c809_537e

[STATUS]: checkpoint phase 2 complete.
[STATUS]: checkpoint_node_phase3() Starting...
[STATUS]: Ensure GC Checkpoints are done
[STATUS]: Drain RQD
[STATUS]: RQD drain on MSP[0] complete.
[STATUS]: NODE 0: Monitoring for SEQ handlers done...
[STATUS]: checkpoint_node_phase3() Concluding...
[STATUS]: emu_handler_and_loader: run_seq_frontend complete
AID0:
	QUEUE:	COUNT:
	0x0	0
	0x1	3
	0x2	0
	0x3	25
	0x4	0
	0x5	0
	0x6	0
	0x7	0
	0x8	0
	0x9	0
	0xa	0
	0xb	2
	0xc	0
	0xd	0
	0xe	0
	0xf	0
[STATUS]: SEQ poll iterations between de-queue checks, min: 0, max: 0
[STATUS]: RUNQ poll iterations between de-queue checks, min: 0, max: 0
------------------------ ecc error counts ------------------------
MSP channel 0 error_count: single = 0, double = 0, bdouble = 0, outer = 0, bouter = 0.
MSP channel 0 retry_count: double = 0, outer = 0.

MSP channel 1 error_count: single = 0, double = 0, bdouble = 0, outer = 0, bouter = 0.
MSP channel 1 retry_count: double = 0, outer = 0.

MSP channel 2 error_count: single = 0, double = 0, bdouble = 0, outer = 0, bouter = 0.
MSP channel 2 retry_count: double = 0, outer = 0.

MSP channel 3 error_count: single = 0, double = 0, bdouble = 0, outer = 0, bouter = 0.
MSP channel 3 retry_count: double = 0, outer = 0.

MSP channel 4 error_count: single = 0, double = 0, bdouble = 0, outer = 0, bouter = 0.
MSP channel 4 retry_count: double = 0, outer = 0.

MSP channel 5 error_count: single = 0, double = 0, bdouble = 0, outer = 0, bouter = 0.
MSP channel 5 retry_count: double = 0, outer = 0.

MSP channel 6 error_count: single = 0, double = 0, bdouble = 0, outer = 0, bouter = 0.
MSP channel 6 retry_count: double = 0, outer = 0.

MSP channel 7 error_count: single = 0, double = 0, bdouble = 0, outer = 0, bouter = 0.
MSP channel 7 retry_count: double = 0, outer = 0.
------------------------------------------------------------------
----------------- memory read transaction counts -----------------
MSP channel 0 cmd_count: to FIFO = 168, from FIFO = 168, EMIF = 168.
MSP channel 0 resp_count: from FIFO = 168, to FIFO = 168, EMIF = 168.

MSP channel 1 cmd_count: to FIFO = 3472, from FIFO = 3472, EMIF = 3472.
MSP channel 1 resp_count: from FIFO = 3472, to FIFO = 3472, EMIF = 3472.

MSP channel 2 cmd_count: to FIFO = 1380, from FIFO = 1380, EMIF = 1380.
MSP channel 2 resp_count: from FIFO = 1380, to FIFO = 1380, EMIF = 1380.

MSP channel 3 cmd_count: to FIFO = 111, from FIFO = 111, EMIF = 111.
MSP channel 3 resp_count: from FIFO = 111, to FIFO = 111, EMIF = 111.

MSP channel 4 cmd_count: to FIFO = 959, from FIFO = 959, EMIF = 959.
MSP channel 4 resp_count: from FIFO = 959, to FIFO = 959, EMIF = 959.

MSP channel 5 cmd_count: to FIFO = 2514, from FIFO = 2514, EMIF = 2514.
MSP channel 5 resp_count: from FIFO = 2514, to FIFO = 2514, EMIF = 2514.

MSP channel 6 cmd_count: to FIFO = 3740, from FIFO = 3740, EMIF = 3740.
MSP channel 6 resp_count: from FIFO = 3740, to FIFO = 3740, EMIF = 3740.

MSP channel 7 cmd_count: to FIFO = 1407, from FIFO = 1407, EMIF = 1407.
MSP channel 7 resp_count: from FIFO = 1407, to FIFO = 1407, EMIF = 1407.
------------------------------------------------------------------
[STATUS]: SEQ producer iterations between SRIO checks, min: 41998, max: 62629
[STATUS]: pthread 44718 called __consumer_tsr_queue_destroy (CONSUMER_TID=44718, PRODUCER_TID=44719).
[STATUS]: Threaded SEQ: max_elements 3
[STATUS]: Threaded SEQ: alloc_elements 1
[STATUS]: Threaded SEQ: put_elements 32
[STATUS]: Threaded SEQ: get_elements 32
[STATUS]: Threaded SEQ: empty_queue 28
[STATUS]: Threaded SEQ: full_queue 0
-------------------- NODE sn1 --------------------
[STATUS]: Found Stratix10 in device tree.
[STATUS]: set_enable_gcs()...
[STATUS]: seq_size=0x0000_0000_0080_0000
[STATUS]: rqd_size=0x0000_0000_0fff_ff00
[STATUS]: rqd_buffer_end_addr=0x0000_0000_107f_ff00
[STATUS]: chkpt_start_addr=0x0000_0000_83ff_fa00
[STATUS]: msp_base_addr=0x0000_0000_8400_0000
[STATUS]: msp_limit_addr=0x0000_000f_7c00_0000
[STATUS]: chkpt_val = 0x1
[STATUS]: Received notification from another node to initiate checkpointing
[STATUS]: checkpoint_node_phase1() Starting...
[STATUS]: write_checkpoint_flag: Node[1] sending checkpoint flags (WRD to addr 0x83fffa00) to nodes 0-31
[STATUS]: write_checkpoint_flag: Node[1] completed sending checkpoint flags
[STATUS]: Verifying GC checkpoint for cluster[0].
[STATUS]: Verifying GC checkpoint for cluster[1].
[STATUS]: Verifying GC checkpoint for cluster[2].
[STATUS]: Verifying GC checkpoint for cluster[3].
[STATUS]: Verifying GC checkpoint for cluster[4].
[STATUS]: Verifying GC checkpoint for cluster[5].
[STATUS]: checkpoint_node_phase1() Concluded.
[STATUS]: Done checkpointing node
[STATUS]: checkpoint phase 2 complete.
[STATUS]: checkpoint_node_phase3() Starting...
[STATUS]: Ensure GC Checkpoints are done
[STATUS]: Drain RQD
[STATUS]: RQD drain on MSP[0] complete.
[STATUS]: checkpoint_node_phase3() Concluding...
[STATUS]: Node[1] sending checkpoint DONE flags to nodes 0-31
[STATUS]: __checkpoint_step_done: Sending checkpoint DONE (ROR to addr 0x83fffa08) flags
[STATUS]: __checkpoint_step_done: Completed sending checkpoint DONE flags
[STATUS]: collective_checkpoint_step_done: Node[1] sending collective checkpoint value (read and send ROR at addr 0x83fffa08) to nodes 0-31
[STATUS]: collective_checkpoint_step_done: Node[1] completed sending collective checkpoint.
[STATUS]: emu_seq_handler_background: run_seq_frontend complete
AID0:
	QUEUE:	COUNT:
	0x0	0
	0x1	0
	0x2	0
	0x3	0
	0x4	0
	0x5	0
	0x6	0
	0x7	0
	0x8	0
	0x9	0
	0xa	0
	0xb	0
	0xc	0
	0xd	0
	0xe	0
	0xf	0
[STATUS]: SEQ poll iterations between de-queue checks, min: 0, max: 0
[STATUS]: RUNQ poll iterations between de-queue checks, min: 0, max: 0
------------------------ ecc error counts ------------------------
MSP channel 0 error_count: single = 0, double = 0, bdouble = 0, outer = 0, bouter = 0.
MSP channel 0 retry_count: double = 0, outer = 0.

MSP channel 1 error_count: single = 0, double = 0, bdouble = 0, outer = 0, bouter = 0.
MSP channel 1 retry_count: double = 0, outer = 0.

MSP channel 2 error_count: single = 0, double = 0, bdouble = 0, outer = 0, bouter = 0.
MSP channel 2 retry_count: double = 0, outer = 0.

MSP channel 3 error_count: single = 0, double = 0, bdouble = 0, outer = 0, bouter = 0.
MSP channel 3 retry_count: double = 0, outer = 0.

MSP channel 4 error_count: single = 0, double = 0, bdouble = 0, outer = 0, bouter = 0.
MSP channel 4 retry_count: double = 0, outer = 0.

MSP channel 5 error_count: single = 0, double = 0, bdouble = 0, outer = 0, bouter = 0.
MSP channel 5 retry_count: double = 0, outer = 0.

MSP channel 6 error_count: single = 0, double = 0, bdouble = 0, outer = 0, bouter = 0.
MSP channel 6 retry_count: double = 0, outer = 0.

MSP channel 7 error_count: single = 0, double = 0, bdouble = 0, outer = 0, bouter = 0.
MSP channel 7 retry_count: double = 0, outer = 0.
------------------------------------------------------------------
----------------- memory read transaction counts -----------------
MSP channel 0 cmd_count: to FIFO = 288, from FIFO = 288, EMIF = 288.
MSP channel 0 resp_count: from FIFO = 288, to FIFO = 288, EMIF = 288.

MSP channel 1 cmd_count: to FIFO = 4057, from FIFO = 4057, EMIF = 4057.
MSP channel 1 resp_count: from FIFO = 4057, to FIFO = 4057, EMIF = 4057.

MSP channel 2 cmd_count: to FIFO = 1027, from FIFO = 1027, EMIF = 1027.
MSP channel 2 resp_count: from FIFO = 1027, to FIFO = 1027, EMIF = 1027.

MSP channel 3 cmd_count: to FIFO = 2004, from FIFO = 2004, EMIF = 2004.
MSP channel 3 resp_count: from FIFO = 2004, to FIFO = 2004, EMIF = 2004.

MSP channel 4 cmd_count: to FIFO = 781, from FIFO = 781, EMIF = 781.
MSP channel 4 resp_count: from FIFO = 781, to FIFO = 781, EMIF = 781.

MSP channel 5 cmd_count: to FIFO = 341, from FIFO = 341, EMIF = 341.
MSP channel 5 resp_count: from FIFO = 341, to FIFO = 341, EMIF = 341.

MSP channel 6 cmd_count: to FIFO = 1511, from FIFO = 1511, EMIF = 1511.
MSP channel 6 resp_count: from FIFO = 1511, to FIFO = 1511, EMIF = 1511.

MSP channel 7 cmd_count: to FIFO = 1285, from FIFO = 1285, EMIF = 1285.
MSP channel 7 resp_count: from FIFO = 1285, to FIFO = 1285, EMIF = 1285.
------------------------------------------------------------------
[STATUS]: SEQ producer iterations between SRIO checks, min: 62498, max: 62645
[STATUS]: pthread 7743 called __consumer_tsr_queue_destroy (CONSUMER_TID=7743, PRODUCER_TID=7749).
[STATUS]: Threaded SEQ: max_elements 1
[STATUS]: Threaded SEQ: alloc_elements 1
[STATUS]: Threaded SEQ: put_elements 1
[STATUS]: Threaded SEQ: get_elements 1
[STATUS]: Threaded SEQ: empty_queue 1
[STATUS]: Threaded SEQ: full_queue 0
-------------------- NODE sn2 --------------------
[STATUS]: Found Stratix10 in device tree.
[STATUS]: set_enable_gcs()...
[STATUS]: seq_size=0x0000_0000_0080_0000
[STATUS]: rqd_size=0x0000_0000_0fff_ff00
[STATUS]: rqd_buffer_end_addr=0x0000_0000_107f_ff00
[STATUS]: chkpt_start_addr=0x0000_0000_83ff_fa00
[STATUS]: msp_base_addr=0x0000_0000_8400_0000
[STATUS]: msp_limit_addr=0x0000_000f_7c00_0000
[STATUS]: chkpt_val = 0x1
[STATUS]: Received notification from another node to initiate checkpointing
[STATUS]: checkpoint_node_phase1() Starting...
[STATUS]: write_checkpoint_flag: Node[2] sending checkpoint flags (WRD to addr 0x83fffa00) to nodes 0-31
[STATUS]: write_checkpoint_flag: Node[2] completed sending checkpoint flags
[STATUS]: Verifying GC checkpoint for cluster[0].
[STATUS]: Verifying GC checkpoint for cluster[1].
[STATUS]: Verifying GC checkpoint for cluster[2].
[STATUS]: Verifying GC checkpoint for cluster[3].
[STATUS]: Verifying GC checkpoint for cluster[4].
[STATUS]: Verifying GC checkpoint for cluster[5].
[STATUS]: checkpoint_node_phase1() Concluded.
[STATUS]: Done checkpointing node
[STATUS]: checkpoint phase 2 complete.
[STATUS]: checkpoint_node_phase3() Starting...
[STATUS]: Ensure GC Checkpoints are done
[STATUS]: Drain RQD
[STATUS]: RQD drain on MSP[0] complete.
[STATUS]: checkpoint_node_phase3() Concluding...
[STATUS]: Node[2] sending checkpoint DONE flags to nodes 0-31
[STATUS]: __checkpoint_step_done: Sending checkpoint DONE (ROR to addr 0x83fffa08) flags
[STATUS]: __checkpoint_step_done: Completed sending checkpoint DONE flags
[STATUS]: collective_checkpoint_step_done: Node[2] sending collective checkpoint value (read and send ROR at addr 0x83fffa08) to nodes 0-31
[STATUS]: collective_checkpoint_step_done: Node[2] completed sending collective checkpoint.
[STATUS]: emu_seq_handler_background: run_seq_frontend complete
AID0:
	QUEUE:	COUNT:
	0x0	0
	0x1	0
	0x2	0
	0x3	0
	0x4	0
	0x5	0
	0x6	0
	0x7	0
	0x8	0
	0x9	0
	0xa	0
	0xb	0
	0xc	0
	0xd	0
	0xe	0
	0xf	0
[STATUS]: SEQ poll iterations between de-queue checks, min: 0, max: 0
[STATUS]: RUNQ poll iterations between de-queue checks, min: 0, max: 0
------------------------ ecc error counts ------------------------
MSP channel 0 error_count: single = 0, double = 0, bdouble = 0, outer = 0, bouter = 0.
MSP channel 0 retry_count: double = 0, outer = 0.

MSP channel 1 error_count: single = 0, double = 0, bdouble = 0, outer = 0, bouter = 0.
MSP channel 1 retry_count: double = 0, outer = 0.

MSP channel 2 error_count: single = 0, double = 0, bdouble = 0, outer = 0, bouter = 0.
MSP channel 2 retry_count: double = 0, outer = 0.

MSP channel 3 error_count: single = 0, double = 0, bdouble = 0, outer = 0, bouter = 0.
MSP channel 3 retry_count: double = 0, outer = 0.

MSP channel 4 error_count: single = 0, double = 0, bdouble = 0, outer = 0, bouter = 0.
MSP channel 4 retry_count: double = 0, outer = 0.

MSP channel 5 error_count: single = 0, double = 0, bdouble = 0, outer = 0, bouter = 0.
MSP channel 5 retry_count: double = 0, outer = 0.

MSP channel 6 error_count: single = 0, double = 0, bdouble = 0, outer = 0, bouter = 0.
MSP channel 6 retry_count: double = 0, outer = 0.

MSP channel 7 error_count: single = 0, double = 0, bdouble = 0, outer = 0, bouter = 0.
MSP channel 7 retry_count: double = 0, outer = 0.
------------------------------------------------------------------
----------------- memory read transaction counts -----------------
MSP channel 0 cmd_count: to FIFO = 3710, from FIFO = 3710, EMIF = 3710.
MSP channel 0 resp_count: from FIFO = 3710, to FIFO = 3710, EMIF = 3710.

MSP channel 1 cmd_count: to FIFO = 234, from FIFO = 234, EMIF = 234.
MSP channel 1 resp_count: from FIFO = 234, to FIFO = 234, EMIF = 234.

MSP channel 2 cmd_count: to FIFO = 3627, from FIFO = 3627, EMIF = 3627.
MSP channel 2 resp_count: from FIFO = 3627, to FIFO = 3627, EMIF = 3627.

MSP channel 3 cmd_count: to FIFO = 621, from FIFO = 621, EMIF = 621.
MSP channel 3 resp_count: from FIFO = 621, to FIFO = 621, EMIF = 621.

MSP channel 4 cmd_count: to FIFO = 733, from FIFO = 733, EMIF = 733.
MSP channel 4 resp_count: from FIFO = 733, to FIFO = 733, EMIF = 733.

MSP channel 5 cmd_count: to FIFO = 1782, from FIFO = 1782, EMIF = 1782.
MSP channel 5 resp_count: from FIFO = 1782, to FIFO = 1782, EMIF = 1782.

MSP channel 6 cmd_count: to FIFO = 120, from FIFO = 120, EMIF = 120.
MSP channel 6 resp_count: from FIFO = 120, to FIFO = 120, EMIF = 120.

MSP channel 7 cmd_count: to FIFO = 3235, from FIFO = 3235, EMIF = 3235.
MSP channel 7 resp_count: from FIFO = 3235, to FIFO = 3235, EMIF = 3235.
------------------------------------------------------------------
[STATUS]: SEQ producer iterations between SRIO checks, min: 62561, max: 62675
[STATUS]: pthread 7705 called __consumer_tsr_queue_destroy (CONSUMER_TID=7705, PRODUCER_TID=7711).
[STATUS]: Threaded SEQ: max_elements 1
[STATUS]: Threaded SEQ: alloc_elements 1
[STATUS]: Threaded SEQ: put_elements 1
[STATUS]: Threaded SEQ: get_elements 1
[STATUS]: Threaded SEQ: empty_queue 1
[STATUS]: Threaded SEQ: full_queue 0
-------------------- NODE sn3 --------------------
[STATUS]: Found Stratix10 in device tree.
[STATUS]: set_enable_gcs()...
[STATUS]: seq_size=0x0000_0000_0080_0000
[STATUS]: rqd_size=0x0000_0000_0fff_ff00
[STATUS]: rqd_buffer_end_addr=0x0000_0000_107f_ff00
[STATUS]: chkpt_start_addr=0x0000_0000_83ff_fa00
[STATUS]: msp_base_addr=0x0000_0000_8400_0000
[STATUS]: msp_limit_addr=0x0000_000f_7c00_0000
[STATUS]: chkpt_val = 0x1
[STATUS]: Received notification from another node to initiate checkpointing
[STATUS]: checkpoint_node_phase1() Starting...
[STATUS]: write_checkpoint_flag: Node[3] sending checkpoint flags (WRD to addr 0x83fffa00) to nodes 0-31
[STATUS]: write_checkpoint_flag: Node[3] completed sending checkpoint flags
[STATUS]: Verifying GC checkpoint for cluster[0].
[STATUS]: Verifying GC checkpoint for cluster[1].
[STATUS]: Verifying GC checkpoint for cluster[2].
[STATUS]: Verifying GC checkpoint for cluster[3].
[STATUS]: Verifying GC checkpoint for cluster[4].
[STATUS]: Verifying GC checkpoint for cluster[5].
[STATUS]: checkpoint_node_phase1() Concluded.
[STATUS]: Done checkpointing node
[STATUS]: checkpoint phase 2 complete.
[STATUS]: checkpoint_node_phase3() Starting...
[STATUS]: Ensure GC Checkpoints are done
[STATUS]: Drain RQD
[STATUS]: RQD drain on MSP[0] complete.
[STATUS]: checkpoint_node_phase3() Concluding...
[STATUS]: Node[3] sending checkpoint DONE flags to nodes 0-31
[STATUS]: __checkpoint_step_done: Sending checkpoint DONE (ROR to addr 0x83fffa08) flags
[STATUS]: __checkpoint_step_done: Completed sending checkpoint DONE flags
[STATUS]: collective_checkpoint_step_done: Node[3] sending collective checkpoint value (read and send ROR at addr 0x83fffa08) to nodes 0-31
[STATUS]: collective_checkpoint_step_done: Node[3] completed sending collective checkpoint.
[STATUS]: emu_seq_handler_background: run_seq_frontend complete
AID0:
	QUEUE:	COUNT:
	0x0	0
	0x1	0
	0x2	0
	0x3	0
	0x4	0
	0x5	0
	0x6	0
	0x7	0
	0x8	0
	0x9	0
	0xa	0
	0xb	0
	0xc	0
	0xd	0
	0xe	0
	0xf	0
[STATUS]: SEQ poll iterations between de-queue checks, min: 0, max: 0
[STATUS]: RUNQ poll iterations between de-queue checks, min: 0, max: 0
------------------------ ecc error counts ------------------------
MSP channel 0 error_count: single = 0, double = 0, bdouble = 0, outer = 0, bouter = 0.
MSP channel 0 retry_count: double = 0, outer = 0.

MSP channel 1 error_count: single = 0, double = 0, bdouble = 0, outer = 0, bouter = 0.
MSP channel 1 retry_count: double = 0, outer = 0.

MSP channel 2 error_count: single = 0, double = 0, bdouble = 0, outer = 0, bouter = 0.
MSP channel 2 retry_count: double = 0, outer = 0.

MSP channel 3 error_count: single = 0, double = 0, bdouble = 0, outer = 0, bouter = 0.
MSP channel 3 retry_count: double = 0, outer = 0.

MSP channel 4 error_count: single = 0, double = 0, bdouble = 0, outer = 0, bouter = 0.
MSP channel 4 retry_count: double = 0, outer = 0.

MSP channel 5 error_count: single = 0, double = 0, bdouble = 0, outer = 0, bouter = 0.
MSP channel 5 retry_count: double = 0, outer = 0.

MSP channel 6 error_count: single = 0, double = 0, bdouble = 0, outer = 0, bouter = 0.
MSP channel 6 retry_count: double = 0, outer = 0.

MSP channel 7 error_count: single = 0, double = 0, bdouble = 0, outer = 0, bouter = 0.
MSP channel 7 retry_count: double = 0, outer = 0.
------------------------------------------------------------------
----------------- memory read transaction counts -----------------
MSP channel 0 cmd_count: to FIFO = 1026, from FIFO = 1026, EMIF = 1026.
MSP channel 0 resp_count: from FIFO = 1026, to FIFO = 1026, EMIF = 1026.

MSP channel 1 cmd_count: to FIFO = 2858, from FIFO = 2858, EMIF = 2858.
MSP channel 1 resp_count: from FIFO = 2858, to FIFO = 2858, EMIF = 2858.

MSP channel 2 cmd_count: to FIFO = 2594, from FIFO = 2594, EMIF = 2594.
MSP channel 2 resp_count: from FIFO = 2594, to FIFO = 2594, EMIF = 2594.

MSP channel 3 cmd_count: to FIFO = 3982, from FIFO = 3982, EMIF = 3982.
MSP channel 3 resp_count: from FIFO = 3982, to FIFO = 3982, EMIF = 3982.

MSP channel 4 cmd_count: to FIFO = 334, from FIFO = 334, EMIF = 334.
MSP channel 4 resp_count: from FIFO = 334, to FIFO = 334, EMIF = 334.

MSP channel 5 cmd_count: to FIFO = 877, from FIFO = 877, EMIF = 877.
MSP channel 5 resp_count: from FIFO = 877, to FIFO = 877, EMIF = 877.

MSP channel 6 cmd_count: to FIFO = 1009, from FIFO = 1009, EMIF = 1009.
MSP channel 6 resp_count: from FIFO = 1009, to FIFO = 1009, EMIF = 1009.

MSP channel 7 cmd_count: to FIFO = 1612, from FIFO = 1612, EMIF = 1612.
MSP channel 7 resp_count: from FIFO = 1612, to FIFO = 1612, EMIF = 1612.
------------------------------------------------------------------
[STATUS]: SEQ producer iterations between SRIO checks, min: 62537, max: 62636
[STATUS]: pthread 7705 called __consumer_tsr_queue_destroy (CONSUMER_TID=7705, PRODUCER_TID=7711).
[STATUS]: Threaded SEQ: max_elements 1
[STATUS]: Threaded SEQ: alloc_elements 1
[STATUS]: Threaded SEQ: put_elements 1
[STATUS]: Threaded SEQ: get_elements 1
[STATUS]: Threaded SEQ: empty_queue 1
[STATUS]: Threaded SEQ: full_queue 0
-------------------- NODE sn4 --------------------
[STATUS]: Found Stratix10 in device tree.
[STATUS]: set_enable_gcs()...
[STATUS]: seq_size=0x0000_0000_0080_0000
[STATUS]: rqd_size=0x0000_0000_0fff_ff00
[STATUS]: rqd_buffer_end_addr=0x0000_0000_107f_ff00
[STATUS]: chkpt_start_addr=0x0000_0000_83ff_fa00
[STATUS]: msp_base_addr=0x0000_0000_8400_0000
[STATUS]: msp_limit_addr=0x0000_000f_7c00_0000
[STATUS]: chkpt_val = 0x1
[STATUS]: Received notification from another node to initiate checkpointing
[STATUS]: checkpoint_node_phase1() Starting...
[STATUS]: write_checkpoint_flag: Node[4] sending checkpoint flags (WRD to addr 0x83fffa00) to nodes 0-31
[STATUS]: write_checkpoint_flag: Node[4] completed sending checkpoint flags
[STATUS]: Verifying GC checkpoint for cluster[0].
[STATUS]: Verifying GC checkpoint for cluster[1].
[STATUS]: Verifying GC checkpoint for cluster[2].
[STATUS]: Verifying GC checkpoint for cluster[3].
[STATUS]: Verifying GC checkpoint for cluster[4].
[STATUS]: Verifying GC checkpoint for cluster[5].
[STATUS]: checkpoint_node_phase1() Concluded.
[STATUS]: Done checkpointing node
[STATUS]: checkpoint phase 2 complete.
[STATUS]: checkpoint_node_phase3() Starting...
[STATUS]: Ensure GC Checkpoints are done
[STATUS]: Drain RQD
[STATUS]: RQD drain on MSP[0] complete.
[STATUS]: checkpoint_node_phase3() Concluding...
[STATUS]: Node[4] sending checkpoint DONE flags to nodes 0-31
[STATUS]: __checkpoint_step_done: Sending checkpoint DONE (ROR to addr 0x83fffa08) flags
[STATUS]: __checkpoint_step_done: Completed sending checkpoint DONE flags
[STATUS]: collective_checkpoint_step_done: Node[4] sending collective checkpoint value (read and send ROR at addr 0x83fffa08) to nodes 0-31
[STATUS]: collective_checkpoint_step_done: Node[4] completed sending collective checkpoint.
[STATUS]: emu_seq_handler_background: run_seq_frontend complete
AID0:
	QUEUE:	COUNT:
	0x0	0
	0x1	0
	0x2	0
	0x3	0
	0x4	0
	0x5	0
	0x6	0
	0x7	0
	0x8	0
	0x9	0
	0xa	0
	0xb	0
	0xc	0
	0xd	0
	0xe	0
	0xf	0
[STATUS]: SEQ poll iterations between de-queue checks, min: 0, max: 0
[STATUS]: RUNQ poll iterations between de-queue checks, min: 0, max: 0
------------------------ ecc error counts ------------------------
MSP channel 0 error_count: single = 0, double = 0, bdouble = 0, outer = 0, bouter = 0.
MSP channel 0 retry_count: double = 0, outer = 0.

MSP channel 1 error_count: single = 0, double = 0, bdouble = 0, outer = 0, bouter = 0.
MSP channel 1 retry_count: double = 0, outer = 0.

MSP channel 2 error_count: single = 0, double = 0, bdouble = 0, outer = 0, bouter = 0.
MSP channel 2 retry_count: double = 0, outer = 0.

MSP channel 3 error_count: single = 0, double = 0, bdouble = 0, outer = 0, bouter = 0.
MSP channel 3 retry_count: double = 0, outer = 0.

MSP channel 4 error_count: single = 0, double = 0, bdouble = 0, outer = 0, bouter = 0.
MSP channel 4 retry_count: double = 0, outer = 0.

MSP channel 5 error_count: single = 0, double = 0, bdouble = 0, outer = 0, bouter = 0.
MSP channel 5 retry_count: double = 0, outer = 0.

MSP channel 6 error_count: single = 0, double = 0, bdouble = 0, outer = 0, bouter = 0.
MSP channel 6 retry_count: double = 0, outer = 0.

MSP channel 7 error_count: single = 0, double = 0, bdouble = 0, outer = 0, bouter = 0.
MSP channel 7 retry_count: double = 0, outer = 0.
------------------------------------------------------------------
----------------- memory read transaction counts -----------------
MSP channel 0 cmd_count: to FIFO = 3489, from FIFO = 3489, EMIF = 3489.
MSP channel 0 resp_count: from FIFO = 3489, to FIFO = 3489, EMIF = 3489.

MSP channel 1 cmd_count: to FIFO = 1240, from FIFO = 1240, EMIF = 1240.
MSP channel 1 resp_count: from FIFO = 1240, to FIFO = 1240, EMIF = 1240.

MSP channel 2 cmd_count: to FIFO = 3, from FIFO = 3, EMIF = 3.
MSP channel 2 resp_count: from FIFO = 3, to FIFO = 3, EMIF = 3.

MSP channel 3 cmd_count: to FIFO = 3963, from FIFO = 3963, EMIF = 3963.
MSP channel 3 resp_count: from FIFO = 3963, to FIFO = 3963, EMIF = 3963.

MSP channel 4 cmd_count: to FIFO = 3996, from FIFO = 3996, EMIF = 3996.
MSP channel 4 resp_count: from FIFO = 3996, to FIFO = 3996, EMIF = 3996.

MSP channel 5 cmd_count: to FIFO = 2102, from FIFO = 2102, EMIF = 2102.
MSP channel 5 resp_count: from FIFO = 2102, to FIFO = 2102, EMIF = 2102.

MSP channel 6 cmd_count: to FIFO = 3598, from FIFO = 3598, EMIF = 3598.
MSP channel 6 resp_count: from FIFO = 3598, to FIFO = 3598, EMIF = 3598.

MSP channel 7 cmd_count: to FIFO = 1833, from FIFO = 1833, EMIF = 1833.
MSP channel 7 resp_count: from FIFO = 1833, to FIFO = 1833, EMIF = 1833.
------------------------------------------------------------------
[STATUS]: SEQ producer iterations between SRIO checks, min: 62444, max: 62684
[STATUS]: pthread 7714 called __consumer_tsr_queue_destroy (CONSUMER_TID=7714, PRODUCER_TID=7720).
[STATUS]: Threaded SEQ: max_elements 1
[STATUS]: Threaded SEQ: alloc_elements 1
[STATUS]: Threaded SEQ: put_elements 1
[STATUS]: Threaded SEQ: get_elements 1
[STATUS]: Threaded SEQ: empty_queue 1
[STATUS]: Threaded SEQ: full_queue 0
-------------------- NODE sn5 --------------------
[STATUS]: Found Stratix10 in device tree.
[STATUS]: set_enable_gcs()...
[STATUS]: seq_size=0x0000_0000_0080_0000
[STATUS]: rqd_size=0x0000_0000_0fff_ff00
[STATUS]: rqd_buffer_end_addr=0x0000_0000_107f_ff00
[STATUS]: chkpt_start_addr=0x0000_0000_83ff_fa00
[STATUS]: msp_base_addr=0x0000_0000_8400_0000
[STATUS]: msp_limit_addr=0x0000_000f_7c00_0000
[STATUS]: chkpt_val = 0x1
[STATUS]: Received notification from another node to initiate checkpointing
[STATUS]: checkpoint_node_phase1() Starting...
[STATUS]: write_checkpoint_flag: Node[5] sending checkpoint flags (WRD to addr 0x83fffa00) to nodes 0-31
[STATUS]: write_checkpoint_flag: Node[5] completed sending checkpoint flags
[STATUS]: Verifying GC checkpoint for cluster[0].
[STATUS]: Verifying GC checkpoint for cluster[1].
[STATUS]: Verifying GC checkpoint for cluster[2].
[STATUS]: Verifying GC checkpoint for cluster[3].
[STATUS]: Verifying GC checkpoint for cluster[4].
[STATUS]: Verifying GC checkpoint for cluster[5].
[STATUS]: checkpoint_node_phase1() Concluded.
[STATUS]: Done checkpointing node
[STATUS]: checkpoint phase 2 complete.
[STATUS]: checkpoint_node_phase3() Starting...
[STATUS]: Ensure GC Checkpoints are done
[STATUS]: Drain RQD
[STATUS]: RQD drain on MSP[0] complete.
[STATUS]: checkpoint_node_phase3() Concluding...
[STATUS]: Node[5] sending checkpoint DONE flags to nodes 0-31
[STATUS]: __checkpoint_step_done: Sending checkpoint DONE (ROR to addr 0x83fffa08) flags
[STATUS]: __checkpoint_step_done: Completed sending checkpoint DONE flags
[STATUS]: collective_checkpoint_step_done: Node[5] sending collective checkpoint value (read and send ROR at addr 0x83fffa08) to nodes 0-31
[STATUS]: collective_checkpoint_step_done: Node[5] completed sending collective checkpoint.
[STATUS]: emu_seq_handler_background: run_seq_frontend complete
AID0:
	QUEUE:	COUNT:
	0x0	0
	0x1	0
	0x2	0
	0x3	0
	0x4	0
	0x5	0
	0x6	0
	0x7	0
	0x8	0
	0x9	0
	0xa	0
	0xb	0
	0xc	0
	0xd	0
	0xe	0
	0xf	0
[STATUS]: SEQ poll iterations between de-queue checks, min: 0, max: 0
[STATUS]: RUNQ poll iterations between de-queue checks, min: 0, max: 0
------------------------ ecc error counts ------------------------
MSP channel 0 error_count: single = 0, double = 0, bdouble = 0, outer = 0, bouter = 0.
MSP channel 0 retry_count: double = 0, outer = 0.

MSP channel 1 error_count: single = 0, double = 0, bdouble = 0, outer = 0, bouter = 0.
MSP channel 1 retry_count: double = 0, outer = 0.

MSP channel 2 error_count: single = 0, double = 0, bdouble = 0, outer = 0, bouter = 0.
MSP channel 2 retry_count: double = 0, outer = 0.

MSP channel 3 error_count: single = 0, double = 0, bdouble = 0, outer = 0, bouter = 0.
MSP channel 3 retry_count: double = 0, outer = 0.

MSP channel 4 error_count: single = 0, double = 0, bdouble = 0, outer = 0, bouter = 0.
MSP channel 4 retry_count: double = 0, outer = 0.

MSP channel 5 error_count: single = 0, double = 0, bdouble = 0, outer = 0, bouter = 0.
MSP channel 5 retry_count: double = 0, outer = 0.

MSP channel 6 error_count: single = 0, double = 0, bdouble = 0, outer = 0, bouter = 0.
MSP channel 6 retry_count: double = 0, outer = 0.

MSP channel 7 error_count: single = 0, double = 0, bdouble = 0, outer = 0, bouter = 0.
MSP channel 7 retry_count: double = 0, outer = 0.
------------------------------------------------------------------
----------------- memory read transaction counts -----------------
MSP channel 0 cmd_count: to FIFO = 4042, from FIFO = 4042, EMIF = 4042.
MSP channel 0 resp_count: from FIFO = 4042, to FIFO = 4042, EMIF = 4042.

MSP channel 1 cmd_count: to FIFO = 1641, from FIFO = 1641, EMIF = 1641.
MSP channel 1 resp_count: from FIFO = 1641, to FIFO = 1641, EMIF = 1641.

MSP channel 2 cmd_count: to FIFO = 62, from FIFO = 62, EMIF = 62.
MSP channel 2 resp_count: from FIFO = 62, to FIFO = 62, EMIF = 62.

MSP channel 3 cmd_count: to FIFO = 800, from FIFO = 800, EMIF = 800.
MSP channel 3 resp_count: from FIFO = 800, to FIFO = 800, EMIF = 800.

MSP channel 4 cmd_count: to FIFO = 2102, from FIFO = 2102, EMIF = 2102.
MSP channel 4 resp_count: from FIFO = 2102, to FIFO = 2102, EMIF = 2102.

MSP channel 5 cmd_count: to FIFO = 1162, from FIFO = 1162, EMIF = 1162.
MSP channel 5 resp_count: from FIFO = 1162, to FIFO = 1162, EMIF = 1162.

MSP channel 6 cmd_count: to FIFO = 2019, from FIFO = 2019, EMIF = 2019.
MSP channel 6 resp_count: from FIFO = 2019, to FIFO = 2019, EMIF = 2019.

MSP channel 7 cmd_count: to FIFO = 3696, from FIFO = 3696, EMIF = 3696.
MSP channel 7 resp_count: from FIFO = 3696, to FIFO = 3696, EMIF = 3696.
------------------------------------------------------------------
[STATUS]: SEQ producer iterations between SRIO checks, min: 62428, max: 62655
[STATUS]: pthread 7704 called __consumer_tsr_queue_destroy (CONSUMER_TID=7704, PRODUCER_TID=7710).
[STATUS]: Threaded SEQ: max_elements 1
[STATUS]: Threaded SEQ: alloc_elements 1
[STATUS]: Threaded SEQ: put_elements 1
[STATUS]: Threaded SEQ: get_elements 1
[STATUS]: Threaded SEQ: empty_queue 1
[STATUS]: Threaded SEQ: full_queue 0
-------------------- NODE sn6 --------------------
[STATUS]: Found Stratix10 in device tree.
[STATUS]: set_enable_gcs()...
[STATUS]: seq_size=0x0000_0000_0080_0000
[STATUS]: rqd_size=0x0000_0000_0fff_ff00
[STATUS]: rqd_buffer_end_addr=0x0000_0000_107f_ff00
[STATUS]: chkpt_start_addr=0x0000_0000_83ff_fa00
[STATUS]: msp_base_addr=0x0000_0000_8400_0000
[STATUS]: msp_limit_addr=0x0000_000f_7c00_0000
[STATUS]: chkpt_val = 0x1
[STATUS]: Received notification from another node to initiate checkpointing
[STATUS]: checkpoint_node_phase1() Starting...
[STATUS]: write_checkpoint_flag: Node[6] sending checkpoint flags (WRD to addr 0x83fffa00) to nodes 0-31
[STATUS]: write_checkpoint_flag: Node[6] completed sending checkpoint flags
[STATUS]: Verifying GC checkpoint for cluster[0].
[STATUS]: Verifying GC checkpoint for cluster[1].
[STATUS]: Verifying GC checkpoint for cluster[2].
[STATUS]: Verifying GC checkpoint for cluster[3].
[STATUS]: Verifying GC checkpoint for cluster[4].
[STATUS]: Verifying GC checkpoint for cluster[5].
[STATUS]: checkpoint_node_phase1() Concluded.
[STATUS]: Done checkpointing node
[STATUS]: checkpoint phase 2 complete.
[STATUS]: checkpoint_node_phase3() Starting...
[STATUS]: Ensure GC Checkpoints are done
[STATUS]: Drain RQD
[STATUS]: RQD drain on MSP[0] complete.
[STATUS]: checkpoint_node_phase3() Concluding...
[STATUS]: Node[6] sending checkpoint DONE flags to nodes 0-31
[STATUS]: __checkpoint_step_done: Sending checkpoint DONE (ROR to addr 0x83fffa08) flags
[STATUS]: __checkpoint_step_done: Completed sending checkpoint DONE flags
[STATUS]: collective_checkpoint_step_done: Node[6] sending collective checkpoint value (read and send ROR at addr 0x83fffa08) to nodes 0-31
[STATUS]: collective_checkpoint_step_done: Node[6] completed sending collective checkpoint.
[STATUS]: emu_seq_handler_background: run_seq_frontend complete
AID0:
	QUEUE:	COUNT:
	0x0	0
	0x1	0
	0x2	0
	0x3	0
	0x4	0
	0x5	0
	0x6	0
	0x7	0
	0x8	0
	0x9	0
	0xa	0
	0xb	0
	0xc	0
	0xd	0
	0xe	0
	0xf	0
[STATUS]: SEQ poll iterations between de-queue checks, min: 0, max: 0
[STATUS]: RUNQ poll iterations between de-queue checks, min: 0, max: 0
------------------------ ecc error counts ------------------------
MSP channel 0 error_count: single = 0, double = 0, bdouble = 0, outer = 0, bouter = 0.
MSP channel 0 retry_count: double = 0, outer = 0.

MSP channel 1 error_count: single = 0, double = 0, bdouble = 0, outer = 0, bouter = 0.
MSP channel 1 retry_count: double = 0, outer = 0.

MSP channel 2 error_count: single = 0, double = 0, bdouble = 0, outer = 0, bouter = 0.
MSP channel 2 retry_count: double = 0, outer = 0.

MSP channel 3 error_count: single = 0, double = 0, bdouble = 0, outer = 0, bouter = 0.
MSP channel 3 retry_count: double = 0, outer = 0.

MSP channel 4 error_count: single = 0, double = 0, bdouble = 0, outer = 0, bouter = 0.
MSP channel 4 retry_count: double = 0, outer = 0.

MSP channel 5 error_count: single = 0, double = 0, bdouble = 0, outer = 0, bouter = 0.
MSP channel 5 retry_count: double = 0, outer = 0.

MSP channel 6 error_count: single = 0, double = 0, bdouble = 0, outer = 0, bouter = 0.
MSP channel 6 retry_count: double = 0, outer = 0.

MSP channel 7 error_count: single = 0, double = 0, bdouble = 0, outer = 0, bouter = 0.
MSP channel 7 retry_count: double = 0, outer = 0.
------------------------------------------------------------------
----------------- memory read transaction counts -----------------
MSP channel 0 cmd_count: to FIFO = 3531, from FIFO = 3531, EMIF = 3531.
MSP channel 0 resp_count: from FIFO = 3531, to FIFO = 3531, EMIF = 3531.

MSP channel 1 cmd_count: to FIFO = 1927, from FIFO = 1927, EMIF = 1927.
MSP channel 1 resp_count: from FIFO = 1927, to FIFO = 1927, EMIF = 1927.

MSP channel 2 cmd_count: to FIFO = 1946, from FIFO = 1946, EMIF = 1946.
MSP channel 2 resp_count: from FIFO = 1946, to FIFO = 1946, EMIF = 1946.

MSP channel 3 cmd_count: to FIFO = 55, from FIFO = 55, EMIF = 55.
MSP channel 3 resp_count: from FIFO = 55, to FIFO = 55, EMIF = 55.

MSP channel 4 cmd_count: to FIFO = 288, from FIFO = 288, EMIF = 288.
MSP channel 4 resp_count: from FIFO = 288, to FIFO = 288, EMIF = 288.

MSP channel 5 cmd_count: to FIFO = 1734, from FIFO = 1734, EMIF = 1734.
MSP channel 5 resp_count: from FIFO = 1734, to FIFO = 1734, EMIF = 1734.

MSP channel 6 cmd_count: to FIFO = 3792, from FIFO = 3792, EMIF = 3792.
MSP channel 6 resp_count: from FIFO = 3792, to FIFO = 3792, EMIF = 3792.

MSP channel 7 cmd_count: to FIFO = 3121, from FIFO = 3121, EMIF = 3121.
MSP channel 7 resp_count: from FIFO = 3121, to FIFO = 3121, EMIF = 3121.
------------------------------------------------------------------
[STATUS]: SEQ producer iterations between SRIO checks, min: 62290, max: 62658
[STATUS]: pthread 7719 called __consumer_tsr_queue_destroy (CONSUMER_TID=7719, PRODUCER_TID=7725).
[STATUS]: Threaded SEQ: max_elements 1
[STATUS]: Threaded SEQ: alloc_elements 1
[STATUS]: Threaded SEQ: put_elements 1
[STATUS]: Threaded SEQ: get_elements 1
[STATUS]: Threaded SEQ: empty_queue 1
[STATUS]: Threaded SEQ: full_queue 0
-------------------- NODE sn7 --------------------
[STATUS]: Found Stratix10 in device tree.
[STATUS]: set_enable_gcs()...
[STATUS]: seq_size=0x0000_0000_0080_0000
[STATUS]: rqd_size=0x0000_0000_0fff_ff00
[STATUS]: rqd_buffer_end_addr=0x0000_0000_107f_ff00
[STATUS]: chkpt_start_addr=0x0000_0000_83ff_fa00
[STATUS]: msp_base_addr=0x0000_0000_8400_0000
[STATUS]: msp_limit_addr=0x0000_000f_7c00_0000
[STATUS]: chkpt_val = 0x1
[STATUS]: Received notification from another node to initiate checkpointing
[STATUS]: checkpoint_node_phase1() Starting...
[STATUS]: write_checkpoint_flag: Node[7] sending checkpoint flags (WRD to addr 0x83fffa00) to nodes 0-31
[STATUS]: write_checkpoint_flag: Node[7] completed sending checkpoint flags
[STATUS]: Verifying GC checkpoint for cluster[0].
[STATUS]: Verifying GC checkpoint for cluster[1].
[STATUS]: Verifying GC checkpoint for cluster[2].
[STATUS]: Verifying GC checkpoint for cluster[3].
[STATUS]: Verifying GC checkpoint for cluster[4].
[STATUS]: Verifying GC checkpoint for cluster[5].
[STATUS]: checkpoint_node_phase1() Concluded.
[STATUS]: Done checkpointing node
[STATUS]: checkpoint phase 2 complete.
[STATUS]: checkpoint_node_phase3() Starting...
[STATUS]: Ensure GC Checkpoints are done
[STATUS]: Drain RQD
[STATUS]: RQD drain on MSP[0] complete.
[STATUS]: checkpoint_node_phase3() Concluding...
[STATUS]: Node[7] sending checkpoint DONE flags to nodes 0-31
[STATUS]: __checkpoint_step_done: Sending checkpoint DONE (ROR to addr 0x83fffa08) flags
[STATUS]: __checkpoint_step_done: Completed sending checkpoint DONE flags
[STATUS]: collective_checkpoint_step_done: Node[7] sending collective checkpoint value (read and send ROR at addr 0x83fffa08) to nodes 0-31
[STATUS]: collective_checkpoint_step_done: Node[7] completed sending collective checkpoint.
[STATUS]: emu_seq_handler_background: run_seq_frontend complete
AID0:
	QUEUE:	COUNT:
	0x0	0
	0x1	0
	0x2	0
	0x3	0
	0x4	0
	0x5	0
	0x6	0
	0x7	0
	0x8	0
	0x9	0
	0xa	0
	0xb	0
	0xc	0
	0xd	0
	0xe	0
	0xf	0
[STATUS]: SEQ poll iterations between de-queue checks, min: 0, max: 0
[STATUS]: RUNQ poll iterations between de-queue checks, min: 0, max: 0
------------------------ ecc error counts ------------------------
MSP channel 0 error_count: single = 0, double = 0, bdouble = 0, outer = 0, bouter = 0.
MSP channel 0 retry_count: double = 0, outer = 0.

MSP channel 1 error_count: single = 0, double = 0, bdouble = 0, outer = 0, bouter = 0.
MSP channel 1 retry_count: double = 0, outer = 0.

MSP channel 2 error_count: single = 0, double = 0, bdouble = 0, outer = 0, bouter = 0.
MSP channel 2 retry_count: double = 0, outer = 0.

MSP channel 3 error_count: single = 0, double = 0, bdouble = 0, outer = 0, bouter = 0.
MSP channel 3 retry_count: double = 0, outer = 0.

MSP channel 4 error_count: single = 0, double = 0, bdouble = 0, outer = 0, bouter = 0.
MSP channel 4 retry_count: double = 0, outer = 0.

MSP channel 5 error_count: single = 0, double = 0, bdouble = 0, outer = 0, bouter = 0.
MSP channel 5 retry_count: double = 0, outer = 0.

MSP channel 6 error_count: single = 0, double = 0, bdouble = 0, outer = 0, bouter = 0.
MSP channel 6 retry_count: double = 0, outer = 0.

MSP channel 7 error_count: single = 0, double = 0, bdouble = 0, outer = 0, bouter = 0.
MSP channel 7 retry_count: double = 0, outer = 0.
------------------------------------------------------------------
----------------- memory read transaction counts -----------------
MSP channel 0 cmd_count: to FIFO = 1995, from FIFO = 1995, EMIF = 1995.
MSP channel 0 resp_count: from FIFO = 1995, to FIFO = 1995, EMIF = 1995.

MSP channel 1 cmd_count: to FIFO = 2160, from FIFO = 2160, EMIF = 2160.
MSP channel 1 resp_count: from FIFO = 2160, to FIFO = 2160, EMIF = 2160.

MSP channel 2 cmd_count: to FIFO = 2338, from FIFO = 2338, EMIF = 2338.
MSP channel 2 resp_count: from FIFO = 2338, to FIFO = 2338, EMIF = 2338.

MSP channel 3 cmd_count: to FIFO = 2694, from FIFO = 2694, EMIF = 2694.
MSP channel 3 resp_count: from FIFO = 2694, to FIFO = 2694, EMIF = 2694.

MSP channel 4 cmd_count: to FIFO = 839, from FIFO = 839, EMIF = 839.
MSP channel 4 resp_count: from FIFO = 839, to FIFO = 839, EMIF = 839.

MSP channel 5 cmd_count: to FIFO = 214, from FIFO = 214, EMIF = 214.
MSP channel 5 resp_count: from FIFO = 214, to FIFO = 214, EMIF = 214.

MSP channel 6 cmd_count: to FIFO = 1235, from FIFO = 1235, EMIF = 1235.
MSP channel 6 resp_count: from FIFO = 1235, to FIFO = 1235, EMIF = 1235.

MSP channel 7 cmd_count: to FIFO = 116, from FIFO = 116, EMIF = 116.
MSP channel 7 resp_count: from FIFO = 116, to FIFO = 116, EMIF = 116.
------------------------------------------------------------------
[STATUS]: SEQ producer iterations between SRIO checks, min: 62459, max: 62619
[STATUS]: pthread 7715 called __consumer_tsr_queue_destroy (CONSUMER_TID=7715, PRODUCER_TID=7721).
[STATUS]: Threaded SEQ: max_elements 1
[STATUS]: Threaded SEQ: alloc_elements 1
[STATUS]: Threaded SEQ: put_elements 1
[STATUS]: Threaded SEQ: get_elements 1
[STATUS]: Threaded SEQ: empty_queue 1
[STATUS]: Threaded SEQ: full_queue 0
-------------------- NODE sn8 --------------------
[STATUS]: Found Stratix10 in device tree.
[STATUS]: set_enable_gcs()...
[STATUS]: seq_size=0x0000_0000_0080_0000
[STATUS]: rqd_size=0x0000_0000_0fff_ff00
[STATUS]: rqd_buffer_end_addr=0x0000_0000_107f_ff00
[STATUS]: chkpt_start_addr=0x0000_0000_83ff_fa00
[STATUS]: msp_base_addr=0x0000_0000_8400_0000
[STATUS]: msp_limit_addr=0x0000_000f_7c00_0000
[STATUS]: chkpt_val = 0x1
[STATUS]: Received notification from another node to initiate checkpointing
[STATUS]: checkpoint_node_phase1() Starting...
[STATUS]: write_checkpoint_flag: Node[8] sending checkpoint flags (WRD to addr 0x83fffa00) to nodes 0-31
[STATUS]: write_checkpoint_flag: Node[8] completed sending checkpoint flags
[STATUS]: Verifying GC checkpoint for cluster[0].
[STATUS]: Verifying GC checkpoint for cluster[1].
[STATUS]: Verifying GC checkpoint for cluster[2].
[STATUS]: Verifying GC checkpoint for cluster[3].
[STATUS]: Verifying GC checkpoint for cluster[4].
[STATUS]: Verifying GC checkpoint for cluster[5].
[STATUS]: checkpoint_node_phase1() Concluded.
[STATUS]: Done checkpointing node
[STATUS]: checkpoint phase 2 complete.
[STATUS]: checkpoint_node_phase3() Starting...
[STATUS]: Ensure GC Checkpoints are done
[STATUS]: Drain RQD
[STATUS]: RQD drain on MSP[0] complete.
[STATUS]: checkpoint_node_phase3() Concluding...
[STATUS]: Node[8] sending checkpoint DONE flags to nodes 0-31
[STATUS]: __checkpoint_step_done: Sending checkpoint DONE (ROR to addr 0x83fffa08) flags
[STATUS]: __checkpoint_step_done: Completed sending checkpoint DONE flags
[STATUS]: collective_checkpoint_step_done: Node[8] sending collective checkpoint value (read and send ROR at addr 0x83fffa08) to nodes 0-31
[STATUS]: collective_checkpoint_step_done: Node[8] completed sending collective checkpoint.
[STATUS]: emu_seq_handler_background: run_seq_frontend complete
AID0:
	QUEUE:	COUNT:
	0x0	0
	0x1	0
	0x2	0
	0x3	0
	0x4	0
	0x5	0
	0x6	0
	0x7	0
	0x8	0
	0x9	0
	0xa	0
	0xb	0
	0xc	0
	0xd	0
	0xe	0
	0xf	0
[STATUS]: SEQ poll iterations between de-queue checks, min: 0, max: 0
[STATUS]: RUNQ poll iterations between de-queue checks, min: 0, max: 0
------------------------ ecc error counts ------------------------
MSP channel 0 error_count: single = 0, double = 0, bdouble = 0, outer = 0, bouter = 0.
MSP channel 0 retry_count: double = 0, outer = 0.

MSP channel 1 error_count: single = 0, double = 0, bdouble = 0, outer = 0, bouter = 0.
MSP channel 1 retry_count: double = 0, outer = 0.

MSP channel 2 error_count: single = 0, double = 0, bdouble = 0, outer = 0, bouter = 0.
MSP channel 2 retry_count: double = 0, outer = 0.

MSP channel 3 error_count: single = 0, double = 0, bdouble = 0, outer = 0, bouter = 0.
MSP channel 3 retry_count: double = 0, outer = 0.

MSP channel 4 error_count: single = 0, double = 0, bdouble = 0, outer = 0, bouter = 0.
MSP channel 4 retry_count: double = 0, outer = 0.

MSP channel 5 error_count: single = 0, double = 0, bdouble = 0, outer = 0, bouter = 0.
MSP channel 5 retry_count: double = 0, outer = 0.

MSP channel 6 error_count: single = 0, double = 0, bdouble = 0, outer = 0, bouter = 0.
MSP channel 6 retry_count: double = 0, outer = 0.

MSP channel 7 error_count: single = 0, double = 0, bdouble = 0, outer = 0, bouter = 0.
MSP channel 7 retry_count: double = 0, outer = 0.
------------------------------------------------------------------
----------------- memory read transaction counts -----------------
MSP channel 0 cmd_count: to FIFO = 1699, from FIFO = 1699, EMIF = 1699.
MSP channel 0 resp_count: from FIFO = 1699, to FIFO = 1699, EMIF = 1699.

MSP channel 1 cmd_count: to FIFO = 3598, from FIFO = 3598, EMIF = 3598.
MSP channel 1 resp_count: from FIFO = 3598, to FIFO = 3598, EMIF = 3598.

MSP channel 2 cmd_count: to FIFO = 730, from FIFO = 730, EMIF = 730.
MSP channel 2 resp_count: from FIFO = 730, to FIFO = 730, EMIF = 730.

MSP channel 3 cmd_count: to FIFO = 3021, from FIFO = 3021, EMIF = 3021.
MSP channel 3 resp_count: from FIFO = 3021, to FIFO = 3021, EMIF = 3021.

MSP channel 4 cmd_count: to FIFO = 866, from FIFO = 866, EMIF = 866.
MSP channel 4 resp_count: from FIFO = 866, to FIFO = 866, EMIF = 866.

MSP channel 5 cmd_count: to FIFO = 195, from FIFO = 195, EMIF = 195.
MSP channel 5 resp_count: from FIFO = 195, to FIFO = 195, EMIF = 195.

MSP channel 6 cmd_count: to FIFO = 2697, from FIFO = 2697, EMIF = 2697.
MSP channel 6 resp_count: from FIFO = 2697, to FIFO = 2697, EMIF = 2697.

MSP channel 7 cmd_count: to FIFO = 636, from FIFO = 636, EMIF = 636.
MSP channel 7 resp_count: from FIFO = 636, to FIFO = 636, EMIF = 636.
------------------------------------------------------------------
[STATUS]: SEQ producer iterations between SRIO checks, min: 62602, max: 62744
[STATUS]: pthread 7846 called __consumer_tsr_queue_destroy (CONSUMER_TID=7846, PRODUCER_TID=7852).
[STATUS]: Threaded SEQ: max_elements 1
[STATUS]: Threaded SEQ: alloc_elements 1
[STATUS]: Threaded SEQ: put_elements 1
[STATUS]: Threaded SEQ: get_elements 1
[STATUS]: Threaded SEQ: empty_queue 1
[STATUS]: Threaded SEQ: full_queue 0
-------------------- NODE sn9 --------------------
[STATUS]: Found Stratix10 in device tree.
[STATUS]: set_enable_gcs()...
[STATUS]: seq_size=0x0000_0000_0080_0000
[STATUS]: rqd_size=0x0000_0000_0fff_ff00
[STATUS]: rqd_buffer_end_addr=0x0000_0000_107f_ff00
[STATUS]: chkpt_start_addr=0x0000_0000_83ff_fa00
[STATUS]: msp_base_addr=0x0000_0000_8400_0000
[STATUS]: msp_limit_addr=0x0000_000f_7c00_0000
[STATUS]: chkpt_val = 0x1
[STATUS]: Received notification from another node to initiate checkpointing
[STATUS]: checkpoint_node_phase1() Starting...
[STATUS]: write_checkpoint_flag: Node[9] sending checkpoint flags (WRD to addr 0x83fffa00) to nodes 0-31
[STATUS]: write_checkpoint_flag: Node[9] completed sending checkpoint flags
[STATUS]: Verifying GC checkpoint for cluster[0].
[STATUS]: Verifying GC checkpoint for cluster[1].
[STATUS]: Verifying GC checkpoint for cluster[2].
[STATUS]: Verifying GC checkpoint for cluster[3].
[STATUS]: Verifying GC checkpoint for cluster[4].
[STATUS]: Verifying GC checkpoint for cluster[5].
[STATUS]: checkpoint_node_phase1() Concluded.
[STATUS]: Done checkpointing node
[STATUS]: checkpoint phase 2 complete.
[STATUS]: checkpoint_node_phase3() Starting...
[STATUS]: Ensure GC Checkpoints are done
[STATUS]: Drain RQD
[STATUS]: RQD drain on MSP[0] complete.
[STATUS]: checkpoint_node_phase3() Concluding...
[STATUS]: Node[9] sending checkpoint DONE flags to nodes 0-31
[STATUS]: __checkpoint_step_done: Sending checkpoint DONE (ROR to addr 0x83fffa08) flags
[STATUS]: __checkpoint_step_done: Completed sending checkpoint DONE flags
[STATUS]: collective_checkpoint_step_done: Node[9] sending collective checkpoint value (read and send ROR at addr 0x83fffa08) to nodes 0-31
[STATUS]: collective_checkpoint_step_done: Node[9] completed sending collective checkpoint.
[STATUS]: emu_seq_handler_background: run_seq_frontend complete
AID0:
	QUEUE:	COUNT:
	0x0	0
	0x1	0
	0x2	0
	0x3	0
	0x4	0
	0x5	0
	0x6	0
	0x7	0
	0x8	0
	0x9	0
	0xa	0
	0xb	0
	0xc	0
	0xd	0
	0xe	0
	0xf	0
[STATUS]: SEQ poll iterations between de-queue checks, min: 0, max: 0
[STATUS]: RUNQ poll iterations between de-queue checks, min: 0, max: 0
------------------------ ecc error counts ------------------------
MSP channel 0 error_count: single = 0, double = 0, bdouble = 0, outer = 0, bouter = 0.
MSP channel 0 retry_count: double = 0, outer = 0.

MSP channel 1 error_count: single = 0, double = 0, bdouble = 0, outer = 0, bouter = 0.
MSP channel 1 retry_count: double = 0, outer = 0.

MSP channel 2 error_count: single = 0, double = 0, bdouble = 0, outer = 0, bouter = 0.
MSP channel 2 retry_count: double = 0, outer = 0.

MSP channel 3 error_count: single = 0, double = 0, bdouble = 0, outer = 0, bouter = 0.
MSP channel 3 retry_count: double = 0, outer = 0.

MSP channel 4 error_count: single = 0, double = 0, bdouble = 0, outer = 0, bouter = 0.
MSP channel 4 retry_count: double = 0, outer = 0.

MSP channel 5 error_count: single = 0, double = 0, bdouble = 0, outer = 0, bouter = 0.
MSP channel 5 retry_count: double = 0, outer = 0.

MSP channel 6 error_count: single = 0, double = 0, bdouble = 0, outer = 0, bouter = 0.
MSP channel 6 retry_count: double = 0, outer = 0.

MSP channel 7 error_count: single = 0, double = 0, bdouble = 0, outer = 0, bouter = 0.
MSP channel 7 retry_count: double = 0, outer = 0.
------------------------------------------------------------------
----------------- memory read transaction counts -----------------
MSP channel 0 cmd_count: to FIFO = 1334, from FIFO = 1334, EMIF = 1334.
MSP channel 0 resp_count: from FIFO = 1334, to FIFO = 1334, EMIF = 1334.

MSP channel 1 cmd_count: to FIFO = 189, from FIFO = 189, EMIF = 189.
MSP channel 1 resp_count: from FIFO = 189, to FIFO = 189, EMIF = 189.

MSP channel 2 cmd_count: to FIFO = 1405, from FIFO = 1405, EMIF = 1405.
MSP channel 2 resp_count: from FIFO = 1405, to FIFO = 1405, EMIF = 1405.

MSP channel 3 cmd_count: to FIFO = 3830, from FIFO = 3830, EMIF = 3830.
MSP channel 3 resp_count: from FIFO = 3830, to FIFO = 3830, EMIF = 3830.

MSP channel 4 cmd_count: to FIFO = 2958, from FIFO = 2958, EMIF = 2958.
MSP channel 4 resp_count: from FIFO = 2958, to FIFO = 2958, EMIF = 2958.

MSP channel 5 cmd_count: to FIFO = 2861, from FIFO = 2861, EMIF = 2861.
MSP channel 5 resp_count: from FIFO = 2861, to FIFO = 2861, EMIF = 2861.

MSP channel 6 cmd_count: to FIFO = 1871, from FIFO = 1871, EMIF = 1871.
MSP channel 6 resp_count: from FIFO = 1871, to FIFO = 1871, EMIF = 1871.

MSP channel 7 cmd_count: to FIFO = 1605, from FIFO = 1605, EMIF = 1605.
MSP channel 7 resp_count: from FIFO = 1605, to FIFO = 1605, EMIF = 1605.
------------------------------------------------------------------
[STATUS]: SEQ producer iterations between SRIO checks, min: 62596, max: 62685
[STATUS]: pthread 7753 called __consumer_tsr_queue_destroy (CONSUMER_TID=7753, PRODUCER_TID=7765).
[STATUS]: Threaded SEQ: max_elements 1
[STATUS]: Threaded SEQ: alloc_elements 1
[STATUS]: Threaded SEQ: put_elements 1
[STATUS]: Threaded SEQ: get_elements 1
[STATUS]: Threaded SEQ: empty_queue 1
[STATUS]: Threaded SEQ: full_queue 0
-------------------- NODE sn10 --------------------
[STATUS]: Found Stratix10 in device tree.
[STATUS]: set_enable_gcs()...
[STATUS]: seq_size=0x0000_0000_0080_0000
[STATUS]: rqd_size=0x0000_0000_0fff_ff00
[STATUS]: rqd_buffer_end_addr=0x0000_0000_107f_ff00
[STATUS]: chkpt_start_addr=0x0000_0000_83ff_fa00
[STATUS]: msp_base_addr=0x0000_0000_8400_0000
[STATUS]: msp_limit_addr=0x0000_000f_7c00_0000
[STATUS]: chkpt_val = 0x1
[STATUS]: Received notification from another node to initiate checkpointing
[STATUS]: checkpoint_node_phase1() Starting...
[STATUS]: write_checkpoint_flag: Node[10] sending checkpoint flags (WRD to addr 0x83fffa00) to nodes 0-31
[STATUS]: write_checkpoint_flag: Node[10] completed sending checkpoint flags
[STATUS]: Verifying GC checkpoint for cluster[0].
[STATUS]: Verifying GC checkpoint for cluster[1].
[STATUS]: Verifying GC checkpoint for cluster[2].
[STATUS]: Verifying GC checkpoint for cluster[3].
[STATUS]: Verifying GC checkpoint for cluster[4].
[STATUS]: Verifying GC checkpoint for cluster[5].
[STATUS]: checkpoint_node_phase1() Concluded.
[STATUS]: Done checkpointing node
[STATUS]: checkpoint phase 2 complete.
[STATUS]: checkpoint_node_phase3() Starting...
[STATUS]: Ensure GC Checkpoints are done
[STATUS]: Drain RQD
[STATUS]: RQD drain on MSP[0] complete.
[STATUS]: checkpoint_node_phase3() Concluding...
[STATUS]: Node[10] sending checkpoint DONE flags to nodes 0-31
[STATUS]: __checkpoint_step_done: Sending checkpoint DONE (ROR to addr 0x83fffa08) flags
[STATUS]: __checkpoint_step_done: Completed sending checkpoint DONE flags
[STATUS]: collective_checkpoint_step_done: Node[10] sending collective checkpoint value (read and send ROR at addr 0x83fffa08) to nodes 0-31
[STATUS]: collective_checkpoint_step_done: Node[10] completed sending collective checkpoint.
[STATUS]: emu_seq_handler_background: run_seq_frontend complete
AID0:
	QUEUE:	COUNT:
	0x0	0
	0x1	0
	0x2	0
	0x3	0
	0x4	0
	0x5	0
	0x6	0
	0x7	0
	0x8	0
	0x9	0
	0xa	0
	0xb	0
	0xc	0
	0xd	0
	0xe	0
	0xf	0
[STATUS]: SEQ poll iterations between de-queue checks, min: 0, max: 0
[STATUS]: RUNQ poll iterations between de-queue checks, min: 0, max: 0
------------------------ ecc error counts ------------------------
MSP channel 0 error_count: single = 0, double = 0, bdouble = 0, outer = 0, bouter = 0.
MSP channel 0 retry_count: double = 0, outer = 0.

MSP channel 1 error_count: single = 0, double = 0, bdouble = 0, outer = 0, bouter = 0.
MSP channel 1 retry_count: double = 0, outer = 0.

MSP channel 2 error_count: single = 0, double = 0, bdouble = 0, outer = 0, bouter = 0.
MSP channel 2 retry_count: double = 0, outer = 0.

MSP channel 3 error_count: single = 0, double = 0, bdouble = 0, outer = 0, bouter = 0.
MSP channel 3 retry_count: double = 0, outer = 0.

MSP channel 4 error_count: single = 0, double = 0, bdouble = 0, outer = 0, bouter = 0.
MSP channel 4 retry_count: double = 0, outer = 0.

MSP channel 5 error_count: single = 0, double = 0, bdouble = 0, outer = 0, bouter = 0.
MSP channel 5 retry_count: double = 0, outer = 0.

MSP channel 6 error_count: single = 0, double = 0, bdouble = 0, outer = 0, bouter = 0.
MSP channel 6 retry_count: double = 0, outer = 0.

MSP channel 7 error_count: single = 0, double = 0, bdouble = 0, outer = 0, bouter = 0.
MSP channel 7 retry_count: double = 0, outer = 0.
------------------------------------------------------------------
----------------- memory read transaction counts -----------------
MSP channel 0 cmd_count: to FIFO = 333, from FIFO = 333, EMIF = 333.
MSP channel 0 resp_count: from FIFO = 333, to FIFO = 333, EMIF = 333.

MSP channel 1 cmd_count: to FIFO = 4004, from FIFO = 4004, EMIF = 4004.
MSP channel 1 resp_count: from FIFO = 4004, to FIFO = 4004, EMIF = 4004.

MSP channel 2 cmd_count: to FIFO = 3988, from FIFO = 3988, EMIF = 3988.
MSP channel 2 resp_count: from FIFO = 3988, to FIFO = 3988, EMIF = 3988.

MSP channel 3 cmd_count: to FIFO = 1863, from FIFO = 1863, EMIF = 1863.
MSP channel 3 resp_count: from FIFO = 1863, to FIFO = 1863, EMIF = 1863.

MSP channel 4 cmd_count: to FIFO = 988, from FIFO = 988, EMIF = 988.
MSP channel 4 resp_count: from FIFO = 988, to FIFO = 988, EMIF = 988.

MSP channel 5 cmd_count: to FIFO = 261, from FIFO = 261, EMIF = 261.
MSP channel 5 resp_count: from FIFO = 261, to FIFO = 261, EMIF = 261.

MSP channel 6 cmd_count: to FIFO = 3173, from FIFO = 3173, EMIF = 3173.
MSP channel 6 resp_count: from FIFO = 3173, to FIFO = 3173, EMIF = 3173.

MSP channel 7 cmd_count: to FIFO = 602, from FIFO = 602, EMIF = 602.
MSP channel 7 resp_count: from FIFO = 602, to FIFO = 602, EMIF = 602.
------------------------------------------------------------------
[STATUS]: SEQ producer iterations between SRIO checks, min: 62523, max: 62685
[STATUS]: pthread 7695 called __consumer_tsr_queue_destroy (CONSUMER_TID=7695, PRODUCER_TID=7701).
[STATUS]: Threaded SEQ: max_elements 1
[STATUS]: Threaded SEQ: alloc_elements 1
[STATUS]: Threaded SEQ: put_elements 1
[STATUS]: Threaded SEQ: get_elements 1
[STATUS]: Threaded SEQ: empty_queue 1
[STATUS]: Threaded SEQ: full_queue 0
-------------------- NODE sn11 --------------------
[STATUS]: Found Stratix10 in device tree.
[STATUS]: set_enable_gcs()...
[STATUS]: seq_size=0x0000_0000_0080_0000
[STATUS]: rqd_size=0x0000_0000_0fff_ff00
[STATUS]: rqd_buffer_end_addr=0x0000_0000_107f_ff00
[STATUS]: chkpt_start_addr=0x0000_0000_83ff_fa00
[STATUS]: msp_base_addr=0x0000_0000_8400_0000
[STATUS]: msp_limit_addr=0x0000_000f_7c00_0000
[STATUS]: chkpt_val = 0x1
[STATUS]: Received notification from another node to initiate checkpointing
[STATUS]: checkpoint_node_phase1() Starting...
[STATUS]: write_checkpoint_flag: Node[11] sending checkpoint flags (WRD to addr 0x83fffa00) to nodes 0-31
[STATUS]: write_checkpoint_flag: Node[11] completed sending checkpoint flags
[STATUS]: Verifying GC checkpoint for cluster[0].
[STATUS]: Verifying GC checkpoint for cluster[1].
[STATUS]: Verifying GC checkpoint for cluster[2].
[STATUS]: Verifying GC checkpoint for cluster[3].
[STATUS]: Verifying GC checkpoint for cluster[4].
[STATUS]: Verifying GC checkpoint for cluster[5].
[STATUS]: checkpoint_node_phase1() Concluded.
[STATUS]: Done checkpointing node
[STATUS]: checkpoint phase 2 complete.
[STATUS]: checkpoint_node_phase3() Starting...
[STATUS]: Ensure GC Checkpoints are done
[STATUS]: Drain RQD
[STATUS]: RQD drain on MSP[0] complete.
[STATUS]: checkpoint_node_phase3() Concluding...
[STATUS]: Node[11] sending checkpoint DONE flags to nodes 0-31
[STATUS]: __checkpoint_step_done: Sending checkpoint DONE (ROR to addr 0x83fffa08) flags
[STATUS]: __checkpoint_step_done: Completed sending checkpoint DONE flags
[STATUS]: collective_checkpoint_step_done: Node[11] sending collective checkpoint value (read and send ROR at addr 0x83fffa08) to nodes 0-31
[STATUS]: collective_checkpoint_step_done: Node[11] completed sending collective checkpoint.
[STATUS]: emu_seq_handler_background: run_seq_frontend complete
AID0:
	QUEUE:	COUNT:
	0x0	0
	0x1	0
	0x2	0
	0x3	0
	0x4	0
	0x5	0
	0x6	0
	0x7	0
	0x8	0
	0x9	0
	0xa	0
	0xb	0
	0xc	0
	0xd	0
	0xe	0
	0xf	0
[STATUS]: SEQ poll iterations between de-queue checks, min: 0, max: 0
[STATUS]: RUNQ poll iterations between de-queue checks, min: 0, max: 0
------------------------ ecc error counts ------------------------
MSP channel 0 error_count: single = 0, double = 0, bdouble = 0, outer = 0, bouter = 0.
MSP channel 0 retry_count: double = 0, outer = 0.

MSP channel 1 error_count: single = 0, double = 0, bdouble = 0, outer = 0, bouter = 0.
MSP channel 1 retry_count: double = 0, outer = 0.

MSP channel 2 error_count: single = 0, double = 0, bdouble = 0, outer = 0, bouter = 0.
MSP channel 2 retry_count: double = 0, outer = 0.

MSP channel 3 error_count: single = 0, double = 0, bdouble = 0, outer = 0, bouter = 0.
MSP channel 3 retry_count: double = 0, outer = 0.

MSP channel 4 error_count: single = 0, double = 0, bdouble = 0, outer = 0, bouter = 0.
MSP channel 4 retry_count: double = 0, outer = 0.

MSP channel 5 error_count: single = 0, double = 0, bdouble = 0, outer = 0, bouter = 0.
MSP channel 5 retry_count: double = 0, outer = 0.

MSP channel 6 error_count: single = 0, double = 0, bdouble = 0, outer = 0, bouter = 0.
MSP channel 6 retry_count: double = 0, outer = 0.

MSP channel 7 error_count: single = 0, double = 0, bdouble = 0, outer = 0, bouter = 0.
MSP channel 7 retry_count: double = 0, outer = 0.
------------------------------------------------------------------
----------------- memory read transaction counts -----------------
MSP channel 0 cmd_count: to FIFO = 3272, from FIFO = 3272, EMIF = 3272.
MSP channel 0 resp_count: from FIFO = 3272, to FIFO = 3272, EMIF = 3272.

MSP channel 1 cmd_count: to FIFO = 336, from FIFO = 336, EMIF = 336.
MSP channel 1 resp_count: from FIFO = 336, to FIFO = 336, EMIF = 336.

MSP channel 2 cmd_count: to FIFO = 1348, from FIFO = 1348, EMIF = 1348.
MSP channel 2 resp_count: from FIFO = 1348, to FIFO = 1348, EMIF = 1348.

MSP channel 3 cmd_count: to FIFO = 1570, from FIFO = 1570, EMIF = 1570.
MSP channel 3 resp_count: from FIFO = 1570, to FIFO = 1570, EMIF = 1570.

MSP channel 4 cmd_count: to FIFO = 2509, from FIFO = 2509, EMIF = 2509.
MSP channel 4 resp_count: from FIFO = 2509, to FIFO = 2509, EMIF = 2509.

MSP channel 5 cmd_count: to FIFO = 3461, from FIFO = 3461, EMIF = 3461.
MSP channel 5 resp_count: from FIFO = 3461, to FIFO = 3461, EMIF = 3461.

MSP channel 6 cmd_count: to FIFO = 1579, from FIFO = 1579, EMIF = 1579.
MSP channel 6 resp_count: from FIFO = 1579, to FIFO = 1579, EMIF = 1579.

MSP channel 7 cmd_count: to FIFO = 2697, from FIFO = 2697, EMIF = 2697.
MSP channel 7 resp_count: from FIFO = 2697, to FIFO = 2697, EMIF = 2697.
------------------------------------------------------------------
[STATUS]: SEQ producer iterations between SRIO checks, min: 62458, max: 62755
[STATUS]: pthread 7683 called __consumer_tsr_queue_destroy (CONSUMER_TID=7683, PRODUCER_TID=7689).
[STATUS]: Threaded SEQ: max_elements 1
[STATUS]: Threaded SEQ: alloc_elements 1
[STATUS]: Threaded SEQ: put_elements 1
[STATUS]: Threaded SEQ: get_elements 1
[STATUS]: Threaded SEQ: empty_queue 1
[STATUS]: Threaded SEQ: full_queue 0
-------------------- NODE sn12 --------------------
[STATUS]: Found Stratix10 in device tree.
[STATUS]: set_enable_gcs()...
[STATUS]: seq_size=0x0000_0000_0080_0000
[STATUS]: rqd_size=0x0000_0000_0fff_ff00
[STATUS]: rqd_buffer_end_addr=0x0000_0000_107f_ff00
[STATUS]: chkpt_start_addr=0x0000_0000_83ff_fa00
[STATUS]: msp_base_addr=0x0000_0000_8400_0000
[STATUS]: msp_limit_addr=0x0000_000f_7c00_0000
[STATUS]: chkpt_val = 0x1
[STATUS]: Received notification from another node to initiate checkpointing
[STATUS]: checkpoint_node_phase1() Starting...
[STATUS]: write_checkpoint_flag: Node[12] sending checkpoint flags (WRD to addr 0x83fffa00) to nodes 0-31
[STATUS]: write_checkpoint_flag: Node[12] completed sending checkpoint flags
[STATUS]: Verifying GC checkpoint for cluster[0].
[STATUS]: Verifying GC checkpoint for cluster[1].
[STATUS]: Verifying GC checkpoint for cluster[2].
[STATUS]: Verifying GC checkpoint for cluster[3].
[STATUS]: Verifying GC checkpoint for cluster[4].
[STATUS]: Verifying GC checkpoint for cluster[5].
[STATUS]: checkpoint_node_phase1() Concluded.
[STATUS]: Done checkpointing node
[STATUS]: checkpoint phase 2 complete.
[STATUS]: checkpoint_node_phase3() Starting...
[STATUS]: Ensure GC Checkpoints are done
[STATUS]: Drain RQD
[STATUS]: RQD drain on MSP[0] complete.
[STATUS]: checkpoint_node_phase3() Concluding...
[STATUS]: Node[12] sending checkpoint DONE flags to nodes 0-31
[STATUS]: __checkpoint_step_done: Sending checkpoint DONE (ROR to addr 0x83fffa08) flags
[STATUS]: __checkpoint_step_done: Completed sending checkpoint DONE flags
[STATUS]: collective_checkpoint_step_done: Node[12] sending collective checkpoint value (read and send ROR at addr 0x83fffa08) to nodes 0-31
[STATUS]: collective_checkpoint_step_done: Node[12] completed sending collective checkpoint.
[STATUS]: emu_seq_handler_background: run_seq_frontend complete
AID0:
	QUEUE:	COUNT:
	0x0	0
	0x1	0
	0x2	0
	0x3	0
	0x4	0
	0x5	0
	0x6	0
	0x7	0
	0x8	0
	0x9	0
	0xa	0
	0xb	0
	0xc	0
	0xd	0
	0xe	0
	0xf	0
[STATUS]: SEQ poll iterations between de-queue checks, min: 0, max: 0
[STATUS]: RUNQ poll iterations between de-queue checks, min: 0, max: 0
------------------------ ecc error counts ------------------------
MSP channel 0 error_count: single = 0, double = 0, bdouble = 0, outer = 0, bouter = 0.
MSP channel 0 retry_count: double = 0, outer = 0.

MSP channel 1 error_count: single = 0, double = 0, bdouble = 0, outer = 0, bouter = 0.
MSP channel 1 retry_count: double = 0, outer = 0.

MSP channel 2 error_count: single = 0, double = 0, bdouble = 0, outer = 0, bouter = 0.
MSP channel 2 retry_count: double = 0, outer = 0.

MSP channel 3 error_count: single = 0, double = 0, bdouble = 0, outer = 0, bouter = 0.
MSP channel 3 retry_count: double = 0, outer = 0.

MSP channel 4 error_count: single = 0, double = 0, bdouble = 0, outer = 0, bouter = 0.
MSP channel 4 retry_count: double = 0, outer = 0.

MSP channel 5 error_count: single = 0, double = 0, bdouble = 0, outer = 0, bouter = 0.
MSP channel 5 retry_count: double = 0, outer = 0.

MSP channel 6 error_count: single = 0, double = 0, bdouble = 0, outer = 0, bouter = 0.
MSP channel 6 retry_count: double = 0, outer = 0.

MSP channel 7 error_count: single = 0, double = 0, bdouble = 0, outer = 0, bouter = 0.
MSP channel 7 retry_count: double = 0, outer = 0.
------------------------------------------------------------------
----------------- memory read transaction counts -----------------
MSP channel 0 cmd_count: to FIFO = 1113, from FIFO = 1113, EMIF = 1113.
MSP channel 0 resp_count: from FIFO = 1113, to FIFO = 1113, EMIF = 1113.

MSP channel 1 cmd_count: to FIFO = 912, from FIFO = 912, EMIF = 912.
MSP channel 1 resp_count: from FIFO = 912, to FIFO = 912, EMIF = 912.

MSP channel 2 cmd_count: to FIFO = 1005, from FIFO = 1005, EMIF = 1005.
MSP channel 2 resp_count: from FIFO = 1005, to FIFO = 1005, EMIF = 1005.

MSP channel 3 cmd_count: to FIFO = 435, from FIFO = 435, EMIF = 435.
MSP channel 3 resp_count: from FIFO = 435, to FIFO = 435, EMIF = 435.

MSP channel 4 cmd_count: to FIFO = 1885, from FIFO = 1885, EMIF = 1885.
MSP channel 4 resp_count: from FIFO = 1885, to FIFO = 1885, EMIF = 1885.

MSP channel 5 cmd_count: to FIFO = 624, from FIFO = 624, EMIF = 624.
MSP channel 5 resp_count: from FIFO = 624, to FIFO = 624, EMIF = 624.

MSP channel 6 cmd_count: to FIFO = 3731, from FIFO = 3731, EMIF = 3731.
MSP channel 6 resp_count: from FIFO = 3731, to FIFO = 3731, EMIF = 3731.

MSP channel 7 cmd_count: to FIFO = 652, from FIFO = 652, EMIF = 652.
MSP channel 7 resp_count: from FIFO = 652, to FIFO = 652, EMIF = 652.
------------------------------------------------------------------
[STATUS]: SEQ producer iterations between SRIO checks, min: 62285, max: 62668
[STATUS]: pthread 7703 called __consumer_tsr_queue_destroy (CONSUMER_TID=7703, PRODUCER_TID=7709).
[STATUS]: Threaded SEQ: max_elements 1
[STATUS]: Threaded SEQ: alloc_elements 1
[STATUS]: Threaded SEQ: put_elements 1
[STATUS]: Threaded SEQ: get_elements 1
[STATUS]: Threaded SEQ: empty_queue 1
[STATUS]: Threaded SEQ: full_queue 0
-------------------- NODE sn13 --------------------
[STATUS]: Found Stratix10 in device tree.
[STATUS]: set_enable_gcs()...
[STATUS]: seq_size=0x0000_0000_0080_0000
[STATUS]: rqd_size=0x0000_0000_0fff_ff00
[STATUS]: rqd_buffer_end_addr=0x0000_0000_107f_ff00
[STATUS]: chkpt_start_addr=0x0000_0000_83ff_fa00
[STATUS]: msp_base_addr=0x0000_0000_8400_0000
[STATUS]: msp_limit_addr=0x0000_000f_7c00_0000
[STATUS]: chkpt_val = 0x1
[STATUS]: Received notification from another node to initiate checkpointing
[STATUS]: checkpoint_node_phase1() Starting...
[STATUS]: write_checkpoint_flag: Node[13] sending checkpoint flags (WRD to addr 0x83fffa00) to nodes 0-31
[STATUS]: write_checkpoint_flag: Node[13] completed sending checkpoint flags
[STATUS]: Verifying GC checkpoint for cluster[0].
[STATUS]: Verifying GC checkpoint for cluster[1].
[STATUS]: Verifying GC checkpoint for cluster[2].
[STATUS]: Verifying GC checkpoint for cluster[3].
[STATUS]: Verifying GC checkpoint for cluster[4].
[STATUS]: Verifying GC checkpoint for cluster[5].
[STATUS]: checkpoint_node_phase1() Concluded.
[STATUS]: Done checkpointing node
[STATUS]: checkpoint phase 2 complete.
[STATUS]: checkpoint_node_phase3() Starting...
[STATUS]: Ensure GC Checkpoints are done
[STATUS]: Drain RQD
[STATUS]: RQD drain on MSP[0] complete.
[STATUS]: checkpoint_node_phase3() Concluding...
[STATUS]: Node[13] sending checkpoint DONE flags to nodes 0-31
[STATUS]: __checkpoint_step_done: Sending checkpoint DONE (ROR to addr 0x83fffa08) flags
[STATUS]: __checkpoint_step_done: Completed sending checkpoint DONE flags
[STATUS]: collective_checkpoint_step_done: Node[13] sending collective checkpoint value (read and send ROR at addr 0x83fffa08) to nodes 0-31
[STATUS]: collective_checkpoint_step_done: Node[13] completed sending collective checkpoint.
[STATUS]: emu_seq_handler_background: run_seq_frontend complete
AID0:
	QUEUE:	COUNT:
	0x0	0
	0x1	0
	0x2	0
	0x3	0
	0x4	0
	0x5	0
	0x6	0
	0x7	0
	0x8	0
	0x9	0
	0xa	0
	0xb	0
	0xc	0
	0xd	0
	0xe	0
	0xf	0
[STATUS]: SEQ poll iterations between de-queue checks, min: 0, max: 0
[STATUS]: RUNQ poll iterations between de-queue checks, min: 0, max: 0
------------------------ ecc error counts ------------------------
MSP channel 0 error_count: single = 0, double = 0, bdouble = 0, outer = 0, bouter = 0.
MSP channel 0 retry_count: double = 0, outer = 0.

MSP channel 1 error_count: single = 0, double = 0, bdouble = 0, outer = 0, bouter = 0.
MSP channel 1 retry_count: double = 0, outer = 0.

MSP channel 2 error_count: single = 0, double = 0, bdouble = 0, outer = 0, bouter = 0.
MSP channel 2 retry_count: double = 0, outer = 0.

MSP channel 3 error_count: single = 0, double = 0, bdouble = 0, outer = 0, bouter = 0.
MSP channel 3 retry_count: double = 0, outer = 0.

MSP channel 4 error_count: single = 0, double = 0, bdouble = 0, outer = 0, bouter = 0.
MSP channel 4 retry_count: double = 0, outer = 0.

MSP channel 5 error_count: single = 0, double = 0, bdouble = 0, outer = 0, bouter = 0.
MSP channel 5 retry_count: double = 0, outer = 0.

MSP channel 6 error_count: single = 0, double = 0, bdouble = 0, outer = 0, bouter = 0.
MSP channel 6 retry_count: double = 0, outer = 0.

MSP channel 7 error_count: single = 0, double = 0, bdouble = 0, outer = 0, bouter = 0.
MSP channel 7 retry_count: double = 0, outer = 0.
------------------------------------------------------------------
----------------- memory read transaction counts -----------------
MSP channel 0 cmd_count: to FIFO = 2418, from FIFO = 2418, EMIF = 2418.
MSP channel 0 resp_count: from FIFO = 2418, to FIFO = 2418, EMIF = 2418.

MSP channel 1 cmd_count: to FIFO = 693, from FIFO = 693, EMIF = 693.
MSP channel 1 resp_count: from FIFO = 693, to FIFO = 693, EMIF = 693.

MSP channel 2 cmd_count: to FIFO = 1474, from FIFO = 1474, EMIF = 1474.
MSP channel 2 resp_count: from FIFO = 1474, to FIFO = 1474, EMIF = 1474.

MSP channel 3 cmd_count: to FIFO = 1110, from FIFO = 1110, EMIF = 1110.
MSP channel 3 resp_count: from FIFO = 1110, to FIFO = 1110, EMIF = 1110.

MSP channel 4 cmd_count: to FIFO = 2993, from FIFO = 2993, EMIF = 2993.
MSP channel 4 resp_count: from FIFO = 2993, to FIFO = 2993, EMIF = 2993.

MSP channel 5 cmd_count: to FIFO = 262, from FIFO = 262, EMIF = 262.
MSP channel 5 resp_count: from FIFO = 262, to FIFO = 262, EMIF = 262.

MSP channel 6 cmd_count: to FIFO = 4053, from FIFO = 4053, EMIF = 4053.
MSP channel 6 resp_count: from FIFO = 4053, to FIFO = 4053, EMIF = 4053.

MSP channel 7 cmd_count: to FIFO = 3752, from FIFO = 3752, EMIF = 3752.
MSP channel 7 resp_count: from FIFO = 3752, to FIFO = 3752, EMIF = 3752.
------------------------------------------------------------------
[STATUS]: SEQ producer iterations between SRIO checks, min: 62525, max: 62685
[STATUS]: pthread 7707 called __consumer_tsr_queue_destroy (CONSUMER_TID=7707, PRODUCER_TID=7713).
[STATUS]: Threaded SEQ: max_elements 1
[STATUS]: Threaded SEQ: alloc_elements 1
[STATUS]: Threaded SEQ: put_elements 1
[STATUS]: Threaded SEQ: get_elements 1
[STATUS]: Threaded SEQ: empty_queue 1
[STATUS]: Threaded SEQ: full_queue 0
-------------------- NODE sn14 --------------------
[STATUS]: Found Stratix10 in device tree.
[STATUS]: set_enable_gcs()...
[STATUS]: seq_size=0x0000_0000_0080_0000
[STATUS]: rqd_size=0x0000_0000_0fff_ff00
[STATUS]: rqd_buffer_end_addr=0x0000_0000_107f_ff00
[STATUS]: chkpt_start_addr=0x0000_0000_83ff_fa00
[STATUS]: msp_base_addr=0x0000_0000_8400_0000
[STATUS]: msp_limit_addr=0x0000_000f_7c00_0000
[STATUS]: chkpt_val = 0x1
[STATUS]: Received notification from another node to initiate checkpointing
[STATUS]: checkpoint_node_phase1() Starting...
[STATUS]: write_checkpoint_flag: Node[14] sending checkpoint flags (WRD to addr 0x83fffa00) to nodes 0-31
[STATUS]: write_checkpoint_flag: Node[14] completed sending checkpoint flags
[STATUS]: Verifying GC checkpoint for cluster[0].
[STATUS]: Verifying GC checkpoint for cluster[1].
[STATUS]: Verifying GC checkpoint for cluster[2].
[STATUS]: Verifying GC checkpoint for cluster[3].
[STATUS]: Verifying GC checkpoint for cluster[4].
[STATUS]: Verifying GC checkpoint for cluster[5].
[STATUS]: checkpoint_node_phase1() Concluded.
[STATUS]: Done checkpointing node
[STATUS]: checkpoint phase 2 complete.
[STATUS]: checkpoint_node_phase3() Starting...
[STATUS]: Ensure GC Checkpoints are done
[STATUS]: Drain RQD
[STATUS]: RQD drain on MSP[0] complete.
[STATUS]: checkpoint_node_phase3() Concluding...
[STATUS]: Node[14] sending checkpoint DONE flags to nodes 0-31
[STATUS]: __checkpoint_step_done: Sending checkpoint DONE (ROR to addr 0x83fffa08) flags
[STATUS]: __checkpoint_step_done: Completed sending checkpoint DONE flags
[STATUS]: collective_checkpoint_step_done: Node[14] sending collective checkpoint value (read and send ROR at addr 0x83fffa08) to nodes 0-31
[STATUS]: collective_checkpoint_step_done: Node[14] completed sending collective checkpoint.
[STATUS]: emu_seq_handler_background: run_seq_frontend complete
AID0:
	QUEUE:	COUNT:
	0x0	0
	0x1	0
	0x2	0
	0x3	0
	0x4	0
	0x5	0
	0x6	0
	0x7	0
	0x8	0
	0x9	0
	0xa	0
	0xb	0
	0xc	0
	0xd	0
	0xe	0
	0xf	0
[STATUS]: SEQ poll iterations between de-queue checks, min: 0, max: 0
[STATUS]: RUNQ poll iterations between de-queue checks, min: 0, max: 0
------------------------ ecc error counts ------------------------
MSP channel 0 error_count: single = 0, double = 0, bdouble = 0, outer = 0, bouter = 0.
MSP channel 0 retry_count: double = 0, outer = 0.

MSP channel 1 error_count: single = 0, double = 0, bdouble = 0, outer = 0, bouter = 0.
MSP channel 1 retry_count: double = 0, outer = 0.

MSP channel 2 error_count: single = 0, double = 0, bdouble = 0, outer = 0, bouter = 0.
MSP channel 2 retry_count: double = 0, outer = 0.

MSP channel 3 error_count: single = 0, double = 0, bdouble = 0, outer = 0, bouter = 0.
MSP channel 3 retry_count: double = 0, outer = 0.

MSP channel 4 error_count: single = 0, double = 0, bdouble = 0, outer = 0, bouter = 0.
MSP channel 4 retry_count: double = 0, outer = 0.

MSP channel 5 error_count: single = 0, double = 0, bdouble = 0, outer = 0, bouter = 0.
MSP channel 5 retry_count: double = 0, outer = 0.

MSP channel 6 error_count: single = 0, double = 0, bdouble = 0, outer = 0, bouter = 0.
MSP channel 6 retry_count: double = 0, outer = 0.

MSP channel 7 error_count: single = 0, double = 0, bdouble = 0, outer = 0, bouter = 0.
MSP channel 7 retry_count: double = 0, outer = 0.
------------------------------------------------------------------
----------------- memory read transaction counts -----------------
MSP channel 0 cmd_count: to FIFO = 1739, from FIFO = 1739, EMIF = 1739.
MSP channel 0 resp_count: from FIFO = 1739, to FIFO = 1739, EMIF = 1739.

MSP channel 1 cmd_count: to FIFO = 90, from FIFO = 90, EMIF = 90.
MSP channel 1 resp_count: from FIFO = 90, to FIFO = 90, EMIF = 90.

MSP channel 2 cmd_count: to FIFO = 1507, from FIFO = 1507, EMIF = 1507.
MSP channel 2 resp_count: from FIFO = 1507, to FIFO = 1507, EMIF = 1507.

MSP channel 3 cmd_count: to FIFO = 3510, from FIFO = 3510, EMIF = 3510.
MSP channel 3 resp_count: from FIFO = 3510, to FIFO = 3510, EMIF = 3510.

MSP channel 4 cmd_count: to FIFO = 2630, from FIFO = 2630, EMIF = 2630.
MSP channel 4 resp_count: from FIFO = 2630, to FIFO = 2630, EMIF = 2630.

MSP channel 5 cmd_count: to FIFO = 2706, from FIFO = 2706, EMIF = 2706.
MSP channel 5 resp_count: from FIFO = 2706, to FIFO = 2706, EMIF = 2706.

MSP channel 6 cmd_count: to FIFO = 3283, from FIFO = 3283, EMIF = 3283.
MSP channel 6 resp_count: from FIFO = 3283, to FIFO = 3283, EMIF = 3283.

MSP channel 7 cmd_count: to FIFO = 3487, from FIFO = 3487, EMIF = 3487.
MSP channel 7 resp_count: from FIFO = 3487, to FIFO = 3487, EMIF = 3487.
------------------------------------------------------------------
[STATUS]: SEQ producer iterations between SRIO checks, min: 62465, max: 62622
[STATUS]: pthread 7713 called __consumer_tsr_queue_destroy (CONSUMER_TID=7713, PRODUCER_TID=7719).
[STATUS]: Threaded SEQ: max_elements 1
[STATUS]: Threaded SEQ: alloc_elements 1
[STATUS]: Threaded SEQ: put_elements 1
[STATUS]: Threaded SEQ: get_elements 1
[STATUS]: Threaded SEQ: empty_queue 1
[STATUS]: Threaded SEQ: full_queue 0
-------------------- NODE sn15 --------------------
[STATUS]: Found Stratix10 in device tree.
[STATUS]: set_enable_gcs()...
[STATUS]: seq_size=0x0000_0000_0080_0000
[STATUS]: rqd_size=0x0000_0000_0fff_ff00
[STATUS]: rqd_buffer_end_addr=0x0000_0000_107f_ff00
[STATUS]: chkpt_start_addr=0x0000_0000_83ff_fa00
[STATUS]: msp_base_addr=0x0000_0000_8400_0000
[STATUS]: msp_limit_addr=0x0000_000f_7c00_0000
[STATUS]: chkpt_val = 0x1
[STATUS]: Received notification from another node to initiate checkpointing
[STATUS]: checkpoint_node_phase1() Starting...
[STATUS]: write_checkpoint_flag: Node[15] sending checkpoint flags (WRD to addr 0x83fffa00) to nodes 0-31
[STATUS]: write_checkpoint_flag: Node[15] completed sending checkpoint flags
[STATUS]: Verifying GC checkpoint for cluster[0].
[STATUS]: Verifying GC checkpoint for cluster[1].
[STATUS]: Verifying GC checkpoint for cluster[2].
[STATUS]: Verifying GC checkpoint for cluster[3].
[STATUS]: Verifying GC checkpoint for cluster[4].
[STATUS]: Verifying GC checkpoint for cluster[5].
[STATUS]: checkpoint_node_phase1() Concluded.
[STATUS]: Done checkpointing node
[STATUS]: checkpoint phase 2 complete.
[STATUS]: checkpoint_node_phase3() Starting...
[STATUS]: Ensure GC Checkpoints are done
[STATUS]: Drain RQD
[STATUS]: RQD drain on MSP[0] complete.
[STATUS]: checkpoint_node_phase3() Concluding...
[STATUS]: Node[15] sending checkpoint DONE flags to nodes 0-31
[STATUS]: __checkpoint_step_done: Sending checkpoint DONE (ROR to addr 0x83fffa08) flags
[STATUS]: __checkpoint_step_done: Completed sending checkpoint DONE flags
[STATUS]: collective_checkpoint_step_done: Node[15] sending collective checkpoint value (read and send ROR at addr 0x83fffa08) to nodes 0-31
[STATUS]: collective_checkpoint_step_done: Node[15] completed sending collective checkpoint.
[STATUS]: emu_seq_handler_background: run_seq_frontend complete
AID0:
	QUEUE:	COUNT:
	0x0	0
	0x1	0
	0x2	0
	0x3	0
	0x4	0
	0x5	0
	0x6	0
	0x7	0
	0x8	0
	0x9	0
	0xa	0
	0xb	0
	0xc	0
	0xd	0
	0xe	0
	0xf	0
[STATUS]: SEQ poll iterations between de-queue checks, min: 0, max: 0
[STATUS]: RUNQ poll iterations between de-queue checks, min: 0, max: 0
------------------------ ecc error counts ------------------------
MSP channel 0 error_count: single = 0, double = 0, bdouble = 0, outer = 0, bouter = 0.
MSP channel 0 retry_count: double = 0, outer = 0.

MSP channel 1 error_count: single = 0, double = 0, bdouble = 0, outer = 0, bouter = 0.
MSP channel 1 retry_count: double = 0, outer = 0.

MSP channel 2 error_count: single = 0, double = 0, bdouble = 0, outer = 0, bouter = 0.
MSP channel 2 retry_count: double = 0, outer = 0.

MSP channel 3 error_count: single = 0, double = 0, bdouble = 0, outer = 0, bouter = 0.
MSP channel 3 retry_count: double = 0, outer = 0.

MSP channel 4 error_count: single = 0, double = 0, bdouble = 0, outer = 0, bouter = 0.
MSP channel 4 retry_count: double = 0, outer = 0.

MSP channel 5 error_count: single = 0, double = 0, bdouble = 0, outer = 0, bouter = 0.
MSP channel 5 retry_count: double = 0, outer = 0.

MSP channel 6 error_count: single = 0, double = 0, bdouble = 0, outer = 0, bouter = 0.
MSP channel 6 retry_count: double = 0, outer = 0.

MSP channel 7 error_count: single = 0, double = 0, bdouble = 0, outer = 0, bouter = 0.
MSP channel 7 retry_count: double = 0, outer = 0.
------------------------------------------------------------------
----------------- memory read transaction counts -----------------
MSP channel 0 cmd_count: to FIFO = 2615, from FIFO = 2615, EMIF = 2615.
MSP channel 0 resp_count: from FIFO = 2615, to FIFO = 2615, EMIF = 2615.

MSP channel 1 cmd_count: to FIFO = 2546, from FIFO = 2546, EMIF = 2546.
MSP channel 1 resp_count: from FIFO = 2546, to FIFO = 2546, EMIF = 2546.

MSP channel 2 cmd_count: to FIFO = 1219, from FIFO = 1219, EMIF = 1219.
MSP channel 2 resp_count: from FIFO = 1219, to FIFO = 1219, EMIF = 1219.

MSP channel 3 cmd_count: to FIFO = 3851, from FIFO = 3851, EMIF = 3851.
MSP channel 3 resp_count: from FIFO = 3851, to FIFO = 3851, EMIF = 3851.

MSP channel 4 cmd_count: to FIFO = 100, from FIFO = 100, EMIF = 100.
MSP channel 4 resp_count: from FIFO = 100, to FIFO = 100, EMIF = 100.

MSP channel 5 cmd_count: to FIFO = 674, from FIFO = 674, EMIF = 674.
MSP channel 5 resp_count: from FIFO = 674, to FIFO = 674, EMIF = 674.

MSP channel 6 cmd_count: to FIFO = 2126, from FIFO = 2126, EMIF = 2126.
MSP channel 6 resp_count: from FIFO = 2126, to FIFO = 2126, EMIF = 2126.

MSP channel 7 cmd_count: to FIFO = 708, from FIFO = 708, EMIF = 708.
MSP channel 7 resp_count: from FIFO = 708, to FIFO = 708, EMIF = 708.
------------------------------------------------------------------
[STATUS]: SEQ producer iterations between SRIO checks, min: 62518, max: 62639
[STATUS]: pthread 7713 called __consumer_tsr_queue_destroy (CONSUMER_TID=7713, PRODUCER_TID=7717).
[STATUS]: Threaded SEQ: max_elements 1
[STATUS]: Threaded SEQ: alloc_elements 1
[STATUS]: Threaded SEQ: put_elements 1
[STATUS]: Threaded SEQ: get_elements 1
[STATUS]: Threaded SEQ: empty_queue 1
[STATUS]: Threaded SEQ: full_queue 0
-------------------- NODE sn16 --------------------
[STATUS]: Found Stratix10 in device tree.
[STATUS]: set_enable_gcs()...
[STATUS]: seq_size=0x0000_0000_0080_0000
[STATUS]: rqd_size=0x0000_0000_0fff_ff00
[STATUS]: rqd_buffer_end_addr=0x0000_0000_107f_ff00
[STATUS]: chkpt_start_addr=0x0000_0000_83ff_fa00
[STATUS]: msp_base_addr=0x0000_0000_8400_0000
[STATUS]: msp_limit_addr=0x0000_000f_7c00_0000
[STATUS]: chkpt_val = 0x1
[STATUS]: Received notification from another node to initiate checkpointing
[STATUS]: checkpoint_node_phase1() Starting...
[STATUS]: write_checkpoint_flag: Node[16] sending checkpoint flags (WRD to addr 0x83fffa00) to nodes 0-31
[STATUS]: write_checkpoint_flag: Node[16] completed sending checkpoint flags
[STATUS]: Verifying GC checkpoint for cluster[0].
[STATUS]: Verifying GC checkpoint for cluster[1].
[STATUS]: Verifying GC checkpoint for cluster[2].
[STATUS]: Verifying GC checkpoint for cluster[3].
[STATUS]: Verifying GC checkpoint for cluster[4].
[STATUS]: Verifying GC checkpoint for cluster[5].
[STATUS]: checkpoint_node_phase1() Concluded.
[STATUS]: Done checkpointing node
[STATUS]: checkpoint phase 2 complete.
[STATUS]: checkpoint_node_phase3() Starting...
[STATUS]: Ensure GC Checkpoints are done
[STATUS]: Drain RQD
[STATUS]: RQD drain on MSP[0] complete.
[STATUS]: checkpoint_node_phase3() Concluding...
[STATUS]: Node[16] sending checkpoint DONE flags to nodes 0-31
[STATUS]: __checkpoint_step_done: Sending checkpoint DONE (ROR to addr 0x83fffa08) flags
[STATUS]: __checkpoint_step_done: Completed sending checkpoint DONE flags
[STATUS]: collective_checkpoint_step_done: Node[16] sending collective checkpoint value (read and send ROR at addr 0x83fffa08) to nodes 0-31
[STATUS]: collective_checkpoint_step_done: Node[16] completed sending collective checkpoint.
[STATUS]: emu_seq_handler_background: run_seq_frontend complete
AID0:
	QUEUE:	COUNT:
	0x0	0
	0x1	0
	0x2	0
	0x3	0
	0x4	0
	0x5	0
	0x6	0
	0x7	0
	0x8	0
	0x9	0
	0xa	0
	0xb	0
	0xc	0
	0xd	0
	0xe	0
	0xf	0
[STATUS]: SEQ poll iterations between de-queue checks, min: 0, max: 0
[STATUS]: RUNQ poll iterations between de-queue checks, min: 0, max: 0
------------------------ ecc error counts ------------------------
MSP channel 0 error_count: single = 0, double = 0, bdouble = 0, outer = 0, bouter = 0.
MSP channel 0 retry_count: double = 0, outer = 0.

MSP channel 1 error_count: single = 0, double = 0, bdouble = 0, outer = 0, bouter = 0.
MSP channel 1 retry_count: double = 0, outer = 0.

MSP channel 2 error_count: single = 0, double = 0, bdouble = 0, outer = 0, bouter = 0.
MSP channel 2 retry_count: double = 0, outer = 0.

MSP channel 3 error_count: single = 0, double = 0, bdouble = 0, outer = 0, bouter = 0.
MSP channel 3 retry_count: double = 0, outer = 0.

MSP channel 4 error_count: single = 0, double = 0, bdouble = 0, outer = 0, bouter = 0.
MSP channel 4 retry_count: double = 0, outer = 0.

MSP channel 5 error_count: single = 0, double = 0, bdouble = 0, outer = 0, bouter = 0.
MSP channel 5 retry_count: double = 0, outer = 0.

MSP channel 6 error_count: single = 0, double = 0, bdouble = 0, outer = 0, bouter = 0.
MSP channel 6 retry_count: double = 0, outer = 0.

MSP channel 7 error_count: single = 0, double = 0, bdouble = 0, outer = 0, bouter = 0.
MSP channel 7 retry_count: double = 0, outer = 0.
------------------------------------------------------------------
----------------- memory read transaction counts -----------------
MSP channel 0 cmd_count: to FIFO = 754, from FIFO = 754, EMIF = 754.
MSP channel 0 resp_count: from FIFO = 754, to FIFO = 754, EMIF = 754.

MSP channel 1 cmd_count: to FIFO = 875, from FIFO = 875, EMIF = 875.
MSP channel 1 resp_count: from FIFO = 875, to FIFO = 875, EMIF = 875.

MSP channel 2 cmd_count: to FIFO = 901, from FIFO = 901, EMIF = 901.
MSP channel 2 resp_count: from FIFO = 901, to FIFO = 901, EMIF = 901.

MSP channel 3 cmd_count: to FIFO = 3639, from FIFO = 3639, EMIF = 3639.
MSP channel 3 resp_count: from FIFO = 3639, to FIFO = 3639, EMIF = 3639.

MSP channel 4 cmd_count: to FIFO = 3672, from FIFO = 3672, EMIF = 3672.
MSP channel 4 resp_count: from FIFO = 3672, to FIFO = 3672, EMIF = 3672.

MSP channel 5 cmd_count: to FIFO = 2640, from FIFO = 2640, EMIF = 2640.
MSP channel 5 resp_count: from FIFO = 2640, to FIFO = 2640, EMIF = 2640.

MSP channel 6 cmd_count: to FIFO = 1275, from FIFO = 1275, EMIF = 1275.
MSP channel 6 resp_count: from FIFO = 1275, to FIFO = 1275, EMIF = 1275.

MSP channel 7 cmd_count: to FIFO = 1546, from FIFO = 1546, EMIF = 1546.
MSP channel 7 resp_count: from FIFO = 1546, to FIFO = 1546, EMIF = 1546.
------------------------------------------------------------------
[STATUS]: SEQ producer iterations between SRIO checks, min: 62513, max: 62682
[STATUS]: pthread 7850 called __consumer_tsr_queue_destroy (CONSUMER_TID=7850, PRODUCER_TID=7856).
[STATUS]: Threaded SEQ: max_elements 1
[STATUS]: Threaded SEQ: alloc_elements 1
[STATUS]: Threaded SEQ: put_elements 1
[STATUS]: Threaded SEQ: get_elements 1
[STATUS]: Threaded SEQ: empty_queue 1
[STATUS]: Threaded SEQ: full_queue 0
-------------------- NODE sn17 --------------------
[STATUS]: Found Stratix10 in device tree.
[STATUS]: set_enable_gcs()...
[STATUS]: seq_size=0x0000_0000_0080_0000
[STATUS]: rqd_size=0x0000_0000_0fff_ff00
[STATUS]: rqd_buffer_end_addr=0x0000_0000_107f_ff00
[STATUS]: chkpt_start_addr=0x0000_0000_83ff_fa00
[STATUS]: msp_base_addr=0x0000_0000_8400_0000
[STATUS]: msp_limit_addr=0x0000_000f_7c00_0000
[STATUS]: chkpt_val = 0x1
[STATUS]: Received notification from another node to initiate checkpointing
[STATUS]: checkpoint_node_phase1() Starting...
[STATUS]: write_checkpoint_flag: Node[17] sending checkpoint flags (WRD to addr 0x83fffa00) to nodes 0-31
[STATUS]: write_checkpoint_flag: Node[17] completed sending checkpoint flags
[STATUS]: Verifying GC checkpoint for cluster[0].
[STATUS]: Verifying GC checkpoint for cluster[1].
[STATUS]: Verifying GC checkpoint for cluster[2].
[STATUS]: Verifying GC checkpoint for cluster[3].
[STATUS]: Verifying GC checkpoint for cluster[4].
[STATUS]: Verifying GC checkpoint for cluster[5].
[STATUS]: checkpoint_node_phase1() Concluded.
[STATUS]: Done checkpointing node
[STATUS]: checkpoint phase 2 complete.
[STATUS]: checkpoint_node_phase3() Starting...
[STATUS]: Ensure GC Checkpoints are done
[STATUS]: Drain RQD
[STATUS]: RQD drain on MSP[0] complete.
[STATUS]: checkpoint_node_phase3() Concluding...
[STATUS]: Node[17] sending checkpoint DONE flags to nodes 0-31
[STATUS]: __checkpoint_step_done: Sending checkpoint DONE (ROR to addr 0x83fffa08) flags
[STATUS]: __checkpoint_step_done: Completed sending checkpoint DONE flags
[STATUS]: collective_checkpoint_step_done: Node[17] sending collective checkpoint value (read and send ROR at addr 0x83fffa08) to nodes 0-31
[STATUS]: collective_checkpoint_step_done: Node[17] completed sending collective checkpoint.
[STATUS]: emu_seq_handler_background: run_seq_frontend complete
AID0:
	QUEUE:	COUNT:
	0x0	0
	0x1	0
	0x2	0
	0x3	0
	0x4	0
	0x5	0
	0x6	0
	0x7	0
	0x8	0
	0x9	0
	0xa	0
	0xb	0
	0xc	0
	0xd	0
	0xe	0
	0xf	0
[STATUS]: SEQ poll iterations between de-queue checks, min: 0, max: 0
[STATUS]: RUNQ poll iterations between de-queue checks, min: 0, max: 0
------------------------ ecc error counts ------------------------
MSP channel 0 error_count: single = 0, double = 0, bdouble = 0, outer = 0, bouter = 0.
MSP channel 0 retry_count: double = 0, outer = 0.

MSP channel 1 error_count: single = 0, double = 0, bdouble = 0, outer = 0, bouter = 0.
MSP channel 1 retry_count: double = 0, outer = 0.

MSP channel 2 error_count: single = 0, double = 0, bdouble = 0, outer = 0, bouter = 0.
MSP channel 2 retry_count: double = 0, outer = 0.

MSP channel 3 error_count: single = 0, double = 0, bdouble = 0, outer = 0, bouter = 0.
MSP channel 3 retry_count: double = 0, outer = 0.

MSP channel 4 error_count: single = 0, double = 0, bdouble = 0, outer = 0, bouter = 0.
MSP channel 4 retry_count: double = 0, outer = 0.

MSP channel 5 error_count: single = 0, double = 0, bdouble = 0, outer = 0, bouter = 0.
MSP channel 5 retry_count: double = 0, outer = 0.

MSP channel 6 error_count: single = 0, double = 0, bdouble = 0, outer = 0, bouter = 0.
MSP channel 6 retry_count: double = 0, outer = 0.

MSP channel 7 error_count: single = 0, double = 0, bdouble = 0, outer = 0, bouter = 0.
MSP channel 7 retry_count: double = 0, outer = 0.
------------------------------------------------------------------
----------------- memory read transaction counts -----------------
MSP channel 0 cmd_count: to FIFO = 1877, from FIFO = 1877, EMIF = 1877.
MSP channel 0 resp_count: from FIFO = 1877, to FIFO = 1877, EMIF = 1877.

MSP channel 1 cmd_count: to FIFO = 364, from FIFO = 364, EMIF = 364.
MSP channel 1 resp_count: from FIFO = 364, to FIFO = 364, EMIF = 364.

MSP channel 2 cmd_count: to FIFO = 444, from FIFO = 444, EMIF = 444.
MSP channel 2 resp_count: from FIFO = 444, to FIFO = 444, EMIF = 444.

MSP channel 3 cmd_count: to FIFO = 3226, from FIFO = 3226, EMIF = 3226.
MSP channel 3 resp_count: from FIFO = 3226, to FIFO = 3226, EMIF = 3226.

MSP channel 4 cmd_count: to FIFO = 1014, from FIFO = 1014, EMIF = 1014.
MSP channel 4 resp_count: from FIFO = 1014, to FIFO = 1014, EMIF = 1014.

MSP channel 5 cmd_count: to FIFO = 730, from FIFO = 730, EMIF = 730.
MSP channel 5 resp_count: from FIFO = 730, to FIFO = 730, EMIF = 730.

MSP channel 6 cmd_count: to FIFO = 1493, from FIFO = 1493, EMIF = 1493.
MSP channel 6 resp_count: from FIFO = 1493, to FIFO = 1493, EMIF = 1493.

MSP channel 7 cmd_count: to FIFO = 1126, from FIFO = 1126, EMIF = 1126.
MSP channel 7 resp_count: from FIFO = 1126, to FIFO = 1126, EMIF = 1126.
------------------------------------------------------------------
[STATUS]: SEQ producer iterations between SRIO checks, min: 62576, max: 62738
[STATUS]: pthread 7708 called __consumer_tsr_queue_destroy (CONSUMER_TID=7708, PRODUCER_TID=7714).
[STATUS]: Threaded SEQ: max_elements 1
[STATUS]: Threaded SEQ: alloc_elements 1
[STATUS]: Threaded SEQ: put_elements 1
[STATUS]: Threaded SEQ: get_elements 1
[STATUS]: Threaded SEQ: empty_queue 1
[STATUS]: Threaded SEQ: full_queue 0
-------------------- NODE sn18 --------------------
[STATUS]: Found Stratix10 in device tree.
[STATUS]: set_enable_gcs()...
[STATUS]: seq_size=0x0000_0000_0080_0000
[STATUS]: rqd_size=0x0000_0000_0fff_ff00
[STATUS]: rqd_buffer_end_addr=0x0000_0000_107f_ff00
[STATUS]: chkpt_start_addr=0x0000_0000_83ff_fa00
[STATUS]: msp_base_addr=0x0000_0000_8400_0000
[STATUS]: msp_limit_addr=0x0000_000f_7c00_0000
[STATUS]: chkpt_val = 0x1
[STATUS]: Received notification from another node to initiate checkpointing
[STATUS]: checkpoint_node_phase1() Starting...
[STATUS]: write_checkpoint_flag: Node[18] sending checkpoint flags (WRD to addr 0x83fffa00) to nodes 0-31
[STATUS]: write_checkpoint_flag: Node[18] completed sending checkpoint flags
[STATUS]: Verifying GC checkpoint for cluster[0].
[STATUS]: Verifying GC checkpoint for cluster[1].
[STATUS]: Verifying GC checkpoint for cluster[2].
[STATUS]: Verifying GC checkpoint for cluster[3].
[STATUS]: Verifying GC checkpoint for cluster[4].
[STATUS]: Verifying GC checkpoint for cluster[5].
[STATUS]: checkpoint_node_phase1() Concluded.
[STATUS]: Done checkpointing node
[STATUS]: checkpoint phase 2 complete.
[STATUS]: checkpoint_node_phase3() Starting...
[STATUS]: Ensure GC Checkpoints are done
[STATUS]: Drain RQD
[STATUS]: RQD drain on MSP[0] complete.
[STATUS]: checkpoint_node_phase3() Concluding...
[STATUS]: Node[18] sending checkpoint DONE flags to nodes 0-31
[STATUS]: __checkpoint_step_done: Sending checkpoint DONE (ROR to addr 0x83fffa08) flags
[STATUS]: __checkpoint_step_done: Completed sending checkpoint DONE flags
[STATUS]: collective_checkpoint_step_done: Node[18] sending collective checkpoint value (read and send ROR at addr 0x83fffa08) to nodes 0-31
[STATUS]: collective_checkpoint_step_done: Node[18] completed sending collective checkpoint.
[STATUS]: emu_seq_handler_background: run_seq_frontend complete
AID0:
	QUEUE:	COUNT:
	0x0	0
	0x1	0
	0x2	0
	0x3	0
	0x4	0
	0x5	0
	0x6	0
	0x7	0
	0x8	0
	0x9	0
	0xa	0
	0xb	0
	0xc	0
	0xd	0
	0xe	0
	0xf	0
[STATUS]: SEQ poll iterations between de-queue checks, min: 0, max: 0
[STATUS]: RUNQ poll iterations between de-queue checks, min: 0, max: 0
------------------------ ecc error counts ------------------------
MSP channel 0 error_count: single = 0, double = 0, bdouble = 0, outer = 0, bouter = 0.
MSP channel 0 retry_count: double = 0, outer = 0.

MSP channel 1 error_count: single = 0, double = 0, bdouble = 0, outer = 0, bouter = 0.
MSP channel 1 retry_count: double = 0, outer = 0.

MSP channel 2 error_count: single = 0, double = 0, bdouble = 0, outer = 0, bouter = 0.
MSP channel 2 retry_count: double = 0, outer = 0.

MSP channel 3 error_count: single = 0, double = 0, bdouble = 0, outer = 0, bouter = 0.
MSP channel 3 retry_count: double = 0, outer = 0.

MSP channel 4 error_count: single = 0, double = 0, bdouble = 0, outer = 0, bouter = 0.
MSP channel 4 retry_count: double = 0, outer = 0.

MSP channel 5 error_count: single = 0, double = 0, bdouble = 0, outer = 0, bouter = 0.
MSP channel 5 retry_count: double = 0, outer = 0.

MSP channel 6 error_count: single = 0, double = 0, bdouble = 0, outer = 0, bouter = 0.
MSP channel 6 retry_count: double = 0, outer = 0.

MSP channel 7 error_count: single = 0, double = 0, bdouble = 0, outer = 0, bouter = 0.
MSP channel 7 retry_count: double = 0, outer = 0.
------------------------------------------------------------------
----------------- memory read transaction counts -----------------
MSP channel 0 cmd_count: to FIFO = 837, from FIFO = 837, EMIF = 837.
MSP channel 0 resp_count: from FIFO = 837, to FIFO = 837, EMIF = 837.

MSP channel 1 cmd_count: to FIFO = 1046, from FIFO = 1046, EMIF = 1046.
MSP channel 1 resp_count: from FIFO = 1046, to FIFO = 1046, EMIF = 1046.

MSP channel 2 cmd_count: to FIFO = 2143, from FIFO = 2143, EMIF = 2143.
MSP channel 2 resp_count: from FIFO = 2143, to FIFO = 2143, EMIF = 2143.

MSP channel 3 cmd_count: to FIFO = 1991, from FIFO = 1991, EMIF = 1991.
MSP channel 3 resp_count: from FIFO = 1991, to FIFO = 1991, EMIF = 1991.

MSP channel 4 cmd_count: to FIFO = 3342, from FIFO = 3342, EMIF = 3342.
MSP channel 4 resp_count: from FIFO = 3342, to FIFO = 3342, EMIF = 3342.

MSP channel 5 cmd_count: to FIFO = 1928, from FIFO = 1928, EMIF = 1928.
MSP channel 5 resp_count: from FIFO = 1928, to FIFO = 1928, EMIF = 1928.

MSP channel 6 cmd_count: to FIFO = 2546, from FIFO = 2546, EMIF = 2546.
MSP channel 6 resp_count: from FIFO = 2546, to FIFO = 2546, EMIF = 2546.

MSP channel 7 cmd_count: to FIFO = 332, from FIFO = 332, EMIF = 332.
MSP channel 7 resp_count: from FIFO = 332, to FIFO = 332, EMIF = 332.
------------------------------------------------------------------
[STATUS]: SEQ producer iterations between SRIO checks, min: 62412, max: 62607
[STATUS]: pthread 7759 called __consumer_tsr_queue_destroy (CONSUMER_TID=7759, PRODUCER_TID=7765).
[STATUS]: Threaded SEQ: max_elements 1
[STATUS]: Threaded SEQ: alloc_elements 1
[STATUS]: Threaded SEQ: put_elements 1
[STATUS]: Threaded SEQ: get_elements 1
[STATUS]: Threaded SEQ: empty_queue 1
[STATUS]: Threaded SEQ: full_queue 0
-------------------- NODE sn19 --------------------
[STATUS]: Found Stratix10 in device tree.
[STATUS]: set_enable_gcs()...
[STATUS]: seq_size=0x0000_0000_0080_0000
[STATUS]: rqd_size=0x0000_0000_0fff_ff00
[STATUS]: rqd_buffer_end_addr=0x0000_0000_107f_ff00
[STATUS]: chkpt_start_addr=0x0000_0000_83ff_fa00
[STATUS]: msp_base_addr=0x0000_0000_8400_0000
[STATUS]: msp_limit_addr=0x0000_000f_7c00_0000
[STATUS]: chkpt_val = 0x1
[STATUS]: Received notification from another node to initiate checkpointing
[STATUS]: checkpoint_node_phase1() Starting...
[STATUS]: write_checkpoint_flag: Node[19] sending checkpoint flags (WRD to addr 0x83fffa00) to nodes 0-31
[STATUS]: write_checkpoint_flag: Node[19] completed sending checkpoint flags
[STATUS]: Verifying GC checkpoint for cluster[0].
[STATUS]: Verifying GC checkpoint for cluster[1].
[STATUS]: Verifying GC checkpoint for cluster[2].
[STATUS]: Verifying GC checkpoint for cluster[3].
[STATUS]: Verifying GC checkpoint for cluster[4].
[STATUS]: Verifying GC checkpoint for cluster[5].
[STATUS]: checkpoint_node_phase1() Concluded.
[STATUS]: Done checkpointing node
[STATUS]: checkpoint phase 2 complete.
[STATUS]: checkpoint_node_phase3() Starting...
[STATUS]: Ensure GC Checkpoints are done
[STATUS]: Drain RQD
[STATUS]: RQD drain on MSP[0] complete.
[STATUS]: checkpoint_node_phase3() Concluding...
[STATUS]: Node[19] sending checkpoint DONE flags to nodes 0-31
[STATUS]: __checkpoint_step_done: Sending checkpoint DONE (ROR to addr 0x83fffa08) flags
[STATUS]: __checkpoint_step_done: Completed sending checkpoint DONE flags
[STATUS]: collective_checkpoint_step_done: Node[19] sending collective checkpoint value (read and send ROR at addr 0x83fffa08) to nodes 0-31
[STATUS]: collective_checkpoint_step_done: Node[19] completed sending collective checkpoint.
[STATUS]: emu_seq_handler_background: run_seq_frontend complete
AID0:
	QUEUE:	COUNT:
	0x0	0
	0x1	0
	0x2	0
	0x3	0
	0x4	0
	0x5	0
	0x6	0
	0x7	0
	0x8	0
	0x9	0
	0xa	0
	0xb	0
	0xc	0
	0xd	0
	0xe	0
	0xf	0
[STATUS]: SEQ poll iterations between de-queue checks, min: 0, max: 0
[STATUS]: RUNQ poll iterations between de-queue checks, min: 0, max: 0
------------------------ ecc error counts ------------------------
MSP channel 0 error_count: single = 0, double = 0, bdouble = 0, outer = 0, bouter = 0.
MSP channel 0 retry_count: double = 0, outer = 0.

MSP channel 1 error_count: single = 0, double = 0, bdouble = 0, outer = 0, bouter = 0.
MSP channel 1 retry_count: double = 0, outer = 0.

MSP channel 2 error_count: single = 0, double = 0, bdouble = 0, outer = 0, bouter = 0.
MSP channel 2 retry_count: double = 0, outer = 0.

MSP channel 3 error_count: single = 0, double = 0, bdouble = 0, outer = 0, bouter = 0.
MSP channel 3 retry_count: double = 0, outer = 0.

MSP channel 4 error_count: single = 0, double = 0, bdouble = 0, outer = 0, bouter = 0.
MSP channel 4 retry_count: double = 0, outer = 0.

MSP channel 5 error_count: single = 0, double = 0, bdouble = 0, outer = 0, bouter = 0.
MSP channel 5 retry_count: double = 0, outer = 0.

MSP channel 6 error_count: single = 0, double = 0, bdouble = 0, outer = 0, bouter = 0.
MSP channel 6 retry_count: double = 0, outer = 0.

MSP channel 7 error_count: single = 0, double = 0, bdouble = 0, outer = 0, bouter = 0.
MSP channel 7 retry_count: double = 0, outer = 0.
------------------------------------------------------------------
----------------- memory read transaction counts -----------------
MSP channel 0 cmd_count: to FIFO = 1, from FIFO = 1, EMIF = 1.
MSP channel 0 resp_count: from FIFO = 1, to FIFO = 1, EMIF = 1.

MSP channel 1 cmd_count: to FIFO = 2052, from FIFO = 2052, EMIF = 2052.
MSP channel 1 resp_count: from FIFO = 2052, to FIFO = 2052, EMIF = 2052.

MSP channel 2 cmd_count: to FIFO = 1643, from FIFO = 1643, EMIF = 1643.
MSP channel 2 resp_count: from FIFO = 1643, to FIFO = 1643, EMIF = 1643.

MSP channel 3 cmd_count: to FIFO = 60, from FIFO = 60, EMIF = 60.
MSP channel 3 resp_count: from FIFO = 60, to FIFO = 60, EMIF = 60.

MSP channel 4 cmd_count: to FIFO = 2254, from FIFO = 2254, EMIF = 2254.
MSP channel 4 resp_count: from FIFO = 2254, to FIFO = 2254, EMIF = 2254.

MSP channel 5 cmd_count: to FIFO = 2546, from FIFO = 2546, EMIF = 2546.
MSP channel 5 resp_count: from FIFO = 2546, to FIFO = 2546, EMIF = 2546.

MSP channel 6 cmd_count: to FIFO = 2061, from FIFO = 2061, EMIF = 2061.
MSP channel 6 resp_count: from FIFO = 2061, to FIFO = 2061, EMIF = 2061.

MSP channel 7 cmd_count: to FIFO = 3509, from FIFO = 3509, EMIF = 3509.
MSP channel 7 resp_count: from FIFO = 3509, to FIFO = 3509, EMIF = 3509.
------------------------------------------------------------------
[STATUS]: SEQ producer iterations between SRIO checks, min: 62501, max: 62657
[STATUS]: pthread 7712 called __consumer_tsr_queue_destroy (CONSUMER_TID=7712, PRODUCER_TID=7718).
[STATUS]: Threaded SEQ: max_elements 1
[STATUS]: Threaded SEQ: alloc_elements 1
[STATUS]: Threaded SEQ: put_elements 1
[STATUS]: Threaded SEQ: get_elements 1
[STATUS]: Threaded SEQ: empty_queue 1
[STATUS]: Threaded SEQ: full_queue 0
-------------------- NODE sn20 --------------------
[STATUS]: Found Stratix10 in device tree.
[STATUS]: set_enable_gcs()...
[STATUS]: seq_size=0x0000_0000_0080_0000
[STATUS]: rqd_size=0x0000_0000_0fff_ff00
[STATUS]: rqd_buffer_end_addr=0x0000_0000_107f_ff00
[STATUS]: chkpt_start_addr=0x0000_0000_83ff_fa00
[STATUS]: msp_base_addr=0x0000_0000_8400_0000
[STATUS]: msp_limit_addr=0x0000_000f_7c00_0000
[STATUS]: chkpt_val = 0x1
[STATUS]: Received notification from another node to initiate checkpointing
[STATUS]: checkpoint_node_phase1() Starting...
[STATUS]: write_checkpoint_flag: Node[20] sending checkpoint flags (WRD to addr 0x83fffa00) to nodes 0-31
[STATUS]: write_checkpoint_flag: Node[20] completed sending checkpoint flags
[STATUS]: Verifying GC checkpoint for cluster[0].
[STATUS]: Verifying GC checkpoint for cluster[1].
[STATUS]: Verifying GC checkpoint for cluster[2].
[STATUS]: Verifying GC checkpoint for cluster[3].
[STATUS]: Verifying GC checkpoint for cluster[4].
[STATUS]: Verifying GC checkpoint for cluster[5].
[STATUS]: checkpoint_node_phase1() Concluded.
[STATUS]: Done checkpointing node
[STATUS]: checkpoint phase 2 complete.
[STATUS]: checkpoint_node_phase3() Starting...
[STATUS]: Ensure GC Checkpoints are done
[STATUS]: Drain RQD
[STATUS]: RQD drain on MSP[0] complete.
[STATUS]: checkpoint_node_phase3() Concluding...
[STATUS]: Node[20] sending checkpoint DONE flags to nodes 0-31
[STATUS]: __checkpoint_step_done: Sending checkpoint DONE (ROR to addr 0x83fffa08) flags
[STATUS]: __checkpoint_step_done: Completed sending checkpoint DONE flags
[STATUS]: collective_checkpoint_step_done: Node[20] sending collective checkpoint value (read and send ROR at addr 0x83fffa08) to nodes 0-31
[STATUS]: collective_checkpoint_step_done: Node[20] completed sending collective checkpoint.
[STATUS]: emu_seq_handler_background: run_seq_frontend complete
AID0:
	QUEUE:	COUNT:
	0x0	0
	0x1	0
	0x2	0
	0x3	0
	0x4	0
	0x5	0
	0x6	0
	0x7	0
	0x8	0
	0x9	0
	0xa	0
	0xb	0
	0xc	0
	0xd	0
	0xe	0
	0xf	0
[STATUS]: SEQ poll iterations between de-queue checks, min: 0, max: 0
[STATUS]: RUNQ poll iterations between de-queue checks, min: 0, max: 0
------------------------ ecc error counts ------------------------
MSP channel 0 error_count: single = 0, double = 0, bdouble = 0, outer = 0, bouter = 0.
MSP channel 0 retry_count: double = 0, outer = 0.

MSP channel 1 error_count: single = 0, double = 0, bdouble = 0, outer = 0, bouter = 0.
MSP channel 1 retry_count: double = 0, outer = 0.

MSP channel 2 error_count: single = 0, double = 0, bdouble = 0, outer = 0, bouter = 0.
MSP channel 2 retry_count: double = 0, outer = 0.

MSP channel 3 error_count: single = 0, double = 0, bdouble = 0, outer = 0, bouter = 0.
MSP channel 3 retry_count: double = 0, outer = 0.

MSP channel 4 error_count: single = 0, double = 0, bdouble = 0, outer = 0, bouter = 0.
MSP channel 4 retry_count: double = 0, outer = 0.

MSP channel 5 error_count: single = 0, double = 0, bdouble = 0, outer = 0, bouter = 0.
MSP channel 5 retry_count: double = 0, outer = 0.

MSP channel 6 error_count: single = 0, double = 0, bdouble = 0, outer = 0, bouter = 0.
MSP channel 6 retry_count: double = 0, outer = 0.

MSP channel 7 error_count: single = 0, double = 0, bdouble = 0, outer = 0, bouter = 0.
MSP channel 7 retry_count: double = 0, outer = 0.
------------------------------------------------------------------
----------------- memory read transaction counts -----------------
MSP channel 0 cmd_count: to FIFO = 2440, from FIFO = 2440, EMIF = 2440.
MSP channel 0 resp_count: from FIFO = 2440, to FIFO = 2440, EMIF = 2440.

MSP channel 1 cmd_count: to FIFO = 1908, from FIFO = 1908, EMIF = 1908.
MSP channel 1 resp_count: from FIFO = 1908, to FIFO = 1908, EMIF = 1908.

MSP channel 2 cmd_count: to FIFO = 2681, from FIFO = 2681, EMIF = 2681.
MSP channel 2 resp_count: from FIFO = 2681, to FIFO = 2681, EMIF = 2681.

MSP channel 3 cmd_count: to FIFO = 1856, from FIFO = 1856, EMIF = 1856.
MSP channel 3 resp_count: from FIFO = 1856, to FIFO = 1856, EMIF = 1856.

MSP channel 4 cmd_count: to FIFO = 1543, from FIFO = 1543, EMIF = 1543.
MSP channel 4 resp_count: from FIFO = 1543, to FIFO = 1543, EMIF = 1543.

MSP channel 5 cmd_count: to FIFO = 543, from FIFO = 543, EMIF = 543.
MSP channel 5 resp_count: from FIFO = 543, to FIFO = 543, EMIF = 543.

MSP channel 6 cmd_count: to FIFO = 2983, from FIFO = 2983, EMIF = 2983.
MSP channel 6 resp_count: from FIFO = 2983, to FIFO = 2983, EMIF = 2983.

MSP channel 7 cmd_count: to FIFO = 3483, from FIFO = 3483, EMIF = 3483.
MSP channel 7 resp_count: from FIFO = 3483, to FIFO = 3483, EMIF = 3483.
------------------------------------------------------------------
[STATUS]: SEQ producer iterations between SRIO checks, min: 62557, max: 62684
[STATUS]: pthread 7711 called __consumer_tsr_queue_destroy (CONSUMER_TID=7711, PRODUCER_TID=7717).
[STATUS]: Threaded SEQ: max_elements 1
[STATUS]: Threaded SEQ: alloc_elements 1
[STATUS]: Threaded SEQ: put_elements 1
[STATUS]: Threaded SEQ: get_elements 1
[STATUS]: Threaded SEQ: empty_queue 1
[STATUS]: Threaded SEQ: full_queue 0
-------------------- NODE sn21 --------------------
[STATUS]: Found Stratix10 in device tree.
[STATUS]: set_enable_gcs()...
[STATUS]: seq_size=0x0000_0000_0080_0000
[STATUS]: rqd_size=0x0000_0000_0fff_ff00
[STATUS]: rqd_buffer_end_addr=0x0000_0000_107f_ff00
[STATUS]: chkpt_start_addr=0x0000_0000_83ff_fa00
[STATUS]: msp_base_addr=0x0000_0000_8400_0000
[STATUS]: msp_limit_addr=0x0000_000f_7c00_0000
[STATUS]: chkpt_val = 0x1
[STATUS]: Received notification from another node to initiate checkpointing
[STATUS]: checkpoint_node_phase1() Starting...
[STATUS]: write_checkpoint_flag: Node[21] sending checkpoint flags (WRD to addr 0x83fffa00) to nodes 0-31
[STATUS]: write_checkpoint_flag: Node[21] completed sending checkpoint flags
[STATUS]: Verifying GC checkpoint for cluster[0].
[STATUS]: Verifying GC checkpoint for cluster[1].
[STATUS]: Verifying GC checkpoint for cluster[2].
[STATUS]: Verifying GC checkpoint for cluster[3].
[STATUS]: Verifying GC checkpoint for cluster[4].
[STATUS]: Verifying GC checkpoint for cluster[5].
[STATUS]: checkpoint_node_phase1() Concluded.
[STATUS]: Done checkpointing node
[STATUS]: checkpoint phase 2 complete.
[STATUS]: checkpoint_node_phase3() Starting...
[STATUS]: Ensure GC Checkpoints are done
[STATUS]: Drain RQD
[STATUS]: RQD drain on MSP[0] complete.
[STATUS]: checkpoint_node_phase3() Concluding...
[STATUS]: Node[21] sending checkpoint DONE flags to nodes 0-31
[STATUS]: __checkpoint_step_done: Sending checkpoint DONE (ROR to addr 0x83fffa08) flags
[STATUS]: __checkpoint_step_done: Completed sending checkpoint DONE flags
[STATUS]: collective_checkpoint_step_done: Node[21] sending collective checkpoint value (read and send ROR at addr 0x83fffa08) to nodes 0-31
[STATUS]: collective_checkpoint_step_done: Node[21] completed sending collective checkpoint.
[STATUS]: emu_seq_handler_background: run_seq_frontend complete
AID0:
	QUEUE:	COUNT:
	0x0	0
	0x1	0
	0x2	0
	0x3	0
	0x4	0
	0x5	0
	0x6	0
	0x7	0
	0x8	0
	0x9	0
	0xa	0
	0xb	0
	0xc	0
	0xd	0
	0xe	0
	0xf	0
[STATUS]: SEQ poll iterations between de-queue checks, min: 0, max: 0
[STATUS]: RUNQ poll iterations between de-queue checks, min: 0, max: 0
------------------------ ecc error counts ------------------------
MSP channel 0 error_count: single = 0, double = 0, bdouble = 0, outer = 0, bouter = 0.
MSP channel 0 retry_count: double = 0, outer = 0.

MSP channel 1 error_count: single = 0, double = 0, bdouble = 0, outer = 0, bouter = 0.
MSP channel 1 retry_count: double = 0, outer = 0.

MSP channel 2 error_count: single = 0, double = 0, bdouble = 0, outer = 0, bouter = 0.
MSP channel 2 retry_count: double = 0, outer = 0.

MSP channel 3 error_count: single = 0, double = 0, bdouble = 0, outer = 0, bouter = 0.
MSP channel 3 retry_count: double = 0, outer = 0.

MSP channel 4 error_count: single = 0, double = 0, bdouble = 0, outer = 0, bouter = 0.
MSP channel 4 retry_count: double = 0, outer = 0.

MSP channel 5 error_count: single = 0, double = 0, bdouble = 0, outer = 0, bouter = 0.
MSP channel 5 retry_count: double = 0, outer = 0.

MSP channel 6 error_count: single = 0, double = 0, bdouble = 0, outer = 0, bouter = 0.
MSP channel 6 retry_count: double = 0, outer = 0.

MSP channel 7 error_count: single = 0, double = 0, bdouble = 0, outer = 0, bouter = 0.
MSP channel 7 retry_count: double = 0, outer = 0.
------------------------------------------------------------------
----------------- memory read transaction counts -----------------
MSP channel 0 cmd_count: to FIFO = 2984, from FIFO = 2984, EMIF = 2984.
MSP channel 0 resp_count: from FIFO = 2984, to FIFO = 2984, EMIF = 2984.

MSP channel 1 cmd_count: to FIFO = 2834, from FIFO = 2834, EMIF = 2834.
MSP channel 1 resp_count: from FIFO = 2834, to FIFO = 2834, EMIF = 2834.

MSP channel 2 cmd_count: to FIFO = 1858, from FIFO = 1858, EMIF = 1858.
MSP channel 2 resp_count: from FIFO = 1858, to FIFO = 1858, EMIF = 1858.

MSP channel 3 cmd_count: to FIFO = 3635, from FIFO = 3635, EMIF = 3635.
MSP channel 3 resp_count: from FIFO = 3635, to FIFO = 3635, EMIF = 3635.

MSP channel 4 cmd_count: to FIFO = 1033, from FIFO = 1033, EMIF = 1033.
MSP channel 4 resp_count: from FIFO = 1033, to FIFO = 1033, EMIF = 1033.

MSP channel 5 cmd_count: to FIFO = 1833, from FIFO = 1833, EMIF = 1833.
MSP channel 5 resp_count: from FIFO = 1833, to FIFO = 1833, EMIF = 1833.

MSP channel 6 cmd_count: to FIFO = 3049, from FIFO = 3049, EMIF = 3049.
MSP channel 6 resp_count: from FIFO = 3049, to FIFO = 3049, EMIF = 3049.

MSP channel 7 cmd_count: to FIFO = 1531, from FIFO = 1531, EMIF = 1531.
MSP channel 7 resp_count: from FIFO = 1531, to FIFO = 1531, EMIF = 1531.
------------------------------------------------------------------
[STATUS]: SEQ producer iterations between SRIO checks, min: 62521, max: 62638
[STATUS]: pthread 7706 called __consumer_tsr_queue_destroy (CONSUMER_TID=7706, PRODUCER_TID=7712).
[STATUS]: Threaded SEQ: max_elements 1
[STATUS]: Threaded SEQ: alloc_elements 1
[STATUS]: Threaded SEQ: put_elements 1
[STATUS]: Threaded SEQ: get_elements 1
[STATUS]: Threaded SEQ: empty_queue 1
[STATUS]: Threaded SEQ: full_queue 0
-------------------- NODE sn22 --------------------
[STATUS]: Found Stratix10 in device tree.
[STATUS]: set_enable_gcs()...
[STATUS]: seq_size=0x0000_0000_0080_0000
[STATUS]: rqd_size=0x0000_0000_0fff_ff00
[STATUS]: rqd_buffer_end_addr=0x0000_0000_107f_ff00
[STATUS]: chkpt_start_addr=0x0000_0000_83ff_fa00
[STATUS]: msp_base_addr=0x0000_0000_8400_0000
[STATUS]: msp_limit_addr=0x0000_000f_7c00_0000
[STATUS]: chkpt_val = 0x1
[STATUS]: Received notification from another node to initiate checkpointing
[STATUS]: checkpoint_node_phase1() Starting...
[STATUS]: write_checkpoint_flag: Node[22] sending checkpoint flags (WRD to addr 0x83fffa00) to nodes 0-31
[STATUS]: write_checkpoint_flag: Node[22] completed sending checkpoint flags
[STATUS]: Verifying GC checkpoint for cluster[0].
[STATUS]: Verifying GC checkpoint for cluster[1].
[STATUS]: Verifying GC checkpoint for cluster[2].
[STATUS]: Verifying GC checkpoint for cluster[3].
[STATUS]: Verifying GC checkpoint for cluster[4].
[STATUS]: Verifying GC checkpoint for cluster[5].
[STATUS]: checkpoint_node_phase1() Concluded.
[STATUS]: Done checkpointing node
[STATUS]: checkpoint phase 2 complete.
[STATUS]: checkpoint_node_phase3() Starting...
[STATUS]: Ensure GC Checkpoints are done
[STATUS]: Drain RQD
[STATUS]: RQD drain on MSP[0] complete.
[STATUS]: checkpoint_node_phase3() Concluding...
[STATUS]: Node[22] sending checkpoint DONE flags to nodes 0-31
[STATUS]: __checkpoint_step_done: Sending checkpoint DONE (ROR to addr 0x83fffa08) flags
[STATUS]: __checkpoint_step_done: Completed sending checkpoint DONE flags
[STATUS]: collective_checkpoint_step_done: Node[22] sending collective checkpoint value (read and send ROR at addr 0x83fffa08) to nodes 0-31
[STATUS]: collective_checkpoint_step_done: Node[22] completed sending collective checkpoint.
[STATUS]: emu_seq_handler_background: run_seq_frontend complete
AID0:
	QUEUE:	COUNT:
	0x0	0
	0x1	0
	0x2	0
	0x3	0
	0x4	0
	0x5	0
	0x6	0
	0x7	0
	0x8	0
	0x9	0
	0xa	0
	0xb	0
	0xc	0
	0xd	0
	0xe	0
	0xf	0
[STATUS]: SEQ poll iterations between de-queue checks, min: 0, max: 0
[STATUS]: RUNQ poll iterations between de-queue checks, min: 0, max: 0
------------------------ ecc error counts ------------------------
MSP channel 0 error_count: single = 0, double = 0, bdouble = 0, outer = 0, bouter = 0.
MSP channel 0 retry_count: double = 0, outer = 0.

MSP channel 1 error_count: single = 0, double = 0, bdouble = 0, outer = 0, bouter = 0.
MSP channel 1 retry_count: double = 0, outer = 0.

MSP channel 2 error_count: single = 0, double = 0, bdouble = 0, outer = 0, bouter = 0.
MSP channel 2 retry_count: double = 0, outer = 0.

MSP channel 3 error_count: single = 0, double = 0, bdouble = 0, outer = 0, bouter = 0.
MSP channel 3 retry_count: double = 0, outer = 0.

MSP channel 4 error_count: single = 0, double = 0, bdouble = 0, outer = 0, bouter = 0.
MSP channel 4 retry_count: double = 0, outer = 0.

MSP channel 5 error_count: single = 0, double = 0, bdouble = 0, outer = 0, bouter = 0.
MSP channel 5 retry_count: double = 0, outer = 0.

MSP channel 6 error_count: single = 0, double = 0, bdouble = 0, outer = 0, bouter = 0.
MSP channel 6 retry_count: double = 0, outer = 0.

MSP channel 7 error_count: single = 0, double = 0, bdouble = 0, outer = 0, bouter = 0.
MSP channel 7 retry_count: double = 0, outer = 0.
------------------------------------------------------------------
----------------- memory read transaction counts -----------------
MSP channel 0 cmd_count: to FIFO = 3435, from FIFO = 3435, EMIF = 3435.
MSP channel 0 resp_count: from FIFO = 3435, to FIFO = 3435, EMIF = 3435.

MSP channel 1 cmd_count: to FIFO = 3475, from FIFO = 3475, EMIF = 3475.
MSP channel 1 resp_count: from FIFO = 3475, to FIFO = 3475, EMIF = 3475.

MSP channel 2 cmd_count: to FIFO = 3623, from FIFO = 3623, EMIF = 3623.
MSP channel 2 resp_count: from FIFO = 3623, to FIFO = 3623, EMIF = 3623.

MSP channel 3 cmd_count: to FIFO = 3623, from FIFO = 3623, EMIF = 3623.
MSP channel 3 resp_count: from FIFO = 3623, to FIFO = 3623, EMIF = 3623.

MSP channel 4 cmd_count: to FIFO = 2667, from FIFO = 2667, EMIF = 2667.
MSP channel 4 resp_count: from FIFO = 2667, to FIFO = 2667, EMIF = 2667.

MSP channel 5 cmd_count: to FIFO = 882, from FIFO = 882, EMIF = 882.
MSP channel 5 resp_count: from FIFO = 882, to FIFO = 882, EMIF = 882.

MSP channel 6 cmd_count: to FIFO = 3022, from FIFO = 3022, EMIF = 3022.
MSP channel 6 resp_count: from FIFO = 3022, to FIFO = 3022, EMIF = 3022.

MSP channel 7 cmd_count: to FIFO = 3898, from FIFO = 3898, EMIF = 3898.
MSP channel 7 resp_count: from FIFO = 3898, to FIFO = 3898, EMIF = 3898.
------------------------------------------------------------------
[STATUS]: SEQ producer iterations between SRIO checks, min: 62466, max: 62613
[STATUS]: pthread 7710 called __consumer_tsr_queue_destroy (CONSUMER_TID=7710, PRODUCER_TID=7716).
[STATUS]: Threaded SEQ: max_elements 1
[STATUS]: Threaded SEQ: alloc_elements 1
[STATUS]: Threaded SEQ: put_elements 1
[STATUS]: Threaded SEQ: get_elements 1
[STATUS]: Threaded SEQ: empty_queue 1
[STATUS]: Threaded SEQ: full_queue 0
-------------------- NODE sn23 --------------------
[STATUS]: Found Stratix10 in device tree.
[STATUS]: set_enable_gcs()...
[STATUS]: seq_size=0x0000_0000_0080_0000
[STATUS]: rqd_size=0x0000_0000_0fff_ff00
[STATUS]: rqd_buffer_end_addr=0x0000_0000_107f_ff00
[STATUS]: chkpt_start_addr=0x0000_0000_83ff_fa00
[STATUS]: msp_base_addr=0x0000_0000_8400_0000
[STATUS]: msp_limit_addr=0x0000_000f_7c00_0000
[STATUS]: chkpt_val = 0x1
[STATUS]: Received notification from another node to initiate checkpointing
[STATUS]: checkpoint_node_phase1() Starting...
[STATUS]: write_checkpoint_flag: Node[23] sending checkpoint flags (WRD to addr 0x83fffa00) to nodes 0-31
[STATUS]: write_checkpoint_flag: Node[23] completed sending checkpoint flags
[STATUS]: Verifying GC checkpoint for cluster[0].
[STATUS]: Verifying GC checkpoint for cluster[1].
[STATUS]: Verifying GC checkpoint for cluster[2].
[STATUS]: Verifying GC checkpoint for cluster[3].
[STATUS]: Verifying GC checkpoint for cluster[4].
[STATUS]: Verifying GC checkpoint for cluster[5].
[STATUS]: checkpoint_node_phase1() Concluded.
[STATUS]: Done checkpointing node
[STATUS]: checkpoint phase 2 complete.
[STATUS]: checkpoint_node_phase3() Starting...
[STATUS]: Ensure GC Checkpoints are done
[STATUS]: Drain RQD
[STATUS]: RQD drain on MSP[0] complete.
[STATUS]: checkpoint_node_phase3() Concluding...
[STATUS]: Node[23] sending checkpoint DONE flags to nodes 0-31
[STATUS]: __checkpoint_step_done: Sending checkpoint DONE (ROR to addr 0x83fffa08) flags
[STATUS]: __checkpoint_step_done: Completed sending checkpoint DONE flags
[STATUS]: collective_checkpoint_step_done: Node[23] sending collective checkpoint value (read and send ROR at addr 0x83fffa08) to nodes 0-31
[STATUS]: collective_checkpoint_step_done: Node[23] completed sending collective checkpoint.
[STATUS]: emu_seq_handler_background: run_seq_frontend complete
AID0:
	QUEUE:	COUNT:
	0x0	0
	0x1	0
	0x2	0
	0x3	0
	0x4	0
	0x5	0
	0x6	0
	0x7	0
	0x8	0
	0x9	0
	0xa	0
	0xb	0
	0xc	0
	0xd	0
	0xe	0
	0xf	0
[STATUS]: SEQ poll iterations between de-queue checks, min: 0, max: 0
[STATUS]: RUNQ poll iterations between de-queue checks, min: 0, max: 0
------------------------ ecc error counts ------------------------
MSP channel 0 error_count: single = 0, double = 0, bdouble = 0, outer = 0, bouter = 0.
MSP channel 0 retry_count: double = 0, outer = 0.

MSP channel 1 error_count: single = 0, double = 0, bdouble = 0, outer = 0, bouter = 0.
MSP channel 1 retry_count: double = 0, outer = 0.

MSP channel 2 error_count: single = 0, double = 0, bdouble = 0, outer = 0, bouter = 0.
MSP channel 2 retry_count: double = 0, outer = 0.

MSP channel 3 error_count: single = 0, double = 0, bdouble = 0, outer = 0, bouter = 0.
MSP channel 3 retry_count: double = 0, outer = 0.

MSP channel 4 error_count: single = 0, double = 0, bdouble = 0, outer = 0, bouter = 0.
MSP channel 4 retry_count: double = 0, outer = 0.

MSP channel 5 error_count: single = 0, double = 0, bdouble = 0, outer = 0, bouter = 0.
MSP channel 5 retry_count: double = 0, outer = 0.

MSP channel 6 error_count: single = 0, double = 0, bdouble = 0, outer = 0, bouter = 0.
MSP channel 6 retry_count: double = 0, outer = 0.

MSP channel 7 error_count: single = 0, double = 0, bdouble = 0, outer = 0, bouter = 0.
MSP channel 7 retry_count: double = 0, outer = 0.
------------------------------------------------------------------
----------------- memory read transaction counts -----------------
MSP channel 0 cmd_count: to FIFO = 2640, from FIFO = 2640, EMIF = 2640.
MSP channel 0 resp_count: from FIFO = 2640, to FIFO = 2640, EMIF = 2640.

MSP channel 1 cmd_count: to FIFO = 54, from FIFO = 54, EMIF = 54.
MSP channel 1 resp_count: from FIFO = 54, to FIFO = 54, EMIF = 54.

MSP channel 2 cmd_count: to FIFO = 1396, from FIFO = 1396, EMIF = 1396.
MSP channel 2 resp_count: from FIFO = 1396, to FIFO = 1396, EMIF = 1396.

MSP channel 3 cmd_count: to FIFO = 1453, from FIFO = 1453, EMIF = 1453.
MSP channel 3 resp_count: from FIFO = 1453, to FIFO = 1453, EMIF = 1453.

MSP channel 4 cmd_count: to FIFO = 2097, from FIFO = 2097, EMIF = 2097.
MSP channel 4 resp_count: from FIFO = 2097, to FIFO = 2097, EMIF = 2097.

MSP channel 5 cmd_count: to FIFO = 881, from FIFO = 881, EMIF = 881.
MSP channel 5 resp_count: from FIFO = 881, to FIFO = 881, EMIF = 881.

MSP channel 6 cmd_count: to FIFO = 2988, from FIFO = 2988, EMIF = 2988.
MSP channel 6 resp_count: from FIFO = 2988, to FIFO = 2988, EMIF = 2988.

MSP channel 7 cmd_count: to FIFO = 860, from FIFO = 860, EMIF = 860.
MSP channel 7 resp_count: from FIFO = 860, to FIFO = 860, EMIF = 860.
------------------------------------------------------------------
[STATUS]: SEQ producer iterations between SRIO checks, min: 62530, max: 62650
[STATUS]: pthread 7705 called __consumer_tsr_queue_destroy (CONSUMER_TID=7705, PRODUCER_TID=7711).
[STATUS]: Threaded SEQ: max_elements 1
[STATUS]: Threaded SEQ: alloc_elements 1
[STATUS]: Threaded SEQ: put_elements 1
[STATUS]: Threaded SEQ: get_elements 1
[STATUS]: Threaded SEQ: empty_queue 1
[STATUS]: Threaded SEQ: full_queue 0
-------------------- NODE sn24 --------------------
[STATUS]: Found Stratix10 in device tree.
[STATUS]: set_enable_gcs()...
[STATUS]: seq_size=0x0000_0000_0080_0000
[STATUS]: rqd_size=0x0000_0000_0fff_ff00
[STATUS]: rqd_buffer_end_addr=0x0000_0000_107f_ff00
[STATUS]: chkpt_start_addr=0x0000_0000_83ff_fa00
[STATUS]: msp_base_addr=0x0000_0000_8400_0000
[STATUS]: msp_limit_addr=0x0000_000f_7c00_0000
[STATUS]: chkpt_val = 0x1
[STATUS]: Received notification from another node to initiate checkpointing
[STATUS]: checkpoint_node_phase1() Starting...
[STATUS]: write_checkpoint_flag: Node[24] sending checkpoint flags (WRD to addr 0x83fffa00) to nodes 0-31
[STATUS]: write_checkpoint_flag: Node[24] completed sending checkpoint flags
[STATUS]: Verifying GC checkpoint for cluster[0].
[STATUS]: Verifying GC checkpoint for cluster[1].
[STATUS]: Verifying GC checkpoint for cluster[2].
[STATUS]: Verifying GC checkpoint for cluster[3].
[STATUS]: Verifying GC checkpoint for cluster[4].
[STATUS]: Verifying GC checkpoint for cluster[5].
[STATUS]: checkpoint_node_phase1() Concluded.
[STATUS]: Done checkpointing node
[STATUS]: checkpoint phase 2 complete.
[STATUS]: checkpoint_node_phase3() Starting...
[STATUS]: Ensure GC Checkpoints are done
[STATUS]: Drain RQD
[STATUS]: RQD drain on MSP[0] complete.
[STATUS]: checkpoint_node_phase3() Concluding...
[STATUS]: Node[24] sending checkpoint DONE flags to nodes 0-31
[STATUS]: __checkpoint_step_done: Sending checkpoint DONE (ROR to addr 0x83fffa08) flags
[STATUS]: __checkpoint_step_done: Completed sending checkpoint DONE flags
[STATUS]: collective_checkpoint_step_done: Node[24] sending collective checkpoint value (read and send ROR at addr 0x83fffa08) to nodes 0-31
[STATUS]: collective_checkpoint_step_done: Node[24] completed sending collective checkpoint.
[STATUS]: emu_seq_handler_background: run_seq_frontend complete
AID0:
	QUEUE:	COUNT:
	0x0	0
	0x1	0
	0x2	0
	0x3	0
	0x4	0
	0x5	0
	0x6	0
	0x7	0
	0x8	0
	0x9	0
	0xa	0
	0xb	0
	0xc	0
	0xd	0
	0xe	0
	0xf	0
[STATUS]: SEQ poll iterations between de-queue checks, min: 0, max: 0
[STATUS]: RUNQ poll iterations between de-queue checks, min: 0, max: 0
------------------------ ecc error counts ------------------------
MSP channel 0 error_count: single = 0, double = 0, bdouble = 0, outer = 0, bouter = 0.
MSP channel 0 retry_count: double = 0, outer = 0.

MSP channel 1 error_count: single = 0, double = 0, bdouble = 0, outer = 0, bouter = 0.
MSP channel 1 retry_count: double = 0, outer = 0.

MSP channel 2 error_count: single = 0, double = 0, bdouble = 0, outer = 0, bouter = 0.
MSP channel 2 retry_count: double = 0, outer = 0.

MSP channel 3 error_count: single = 0, double = 0, bdouble = 0, outer = 0, bouter = 0.
MSP channel 3 retry_count: double = 0, outer = 0.

MSP channel 4 error_count: single = 0, double = 0, bdouble = 0, outer = 0, bouter = 0.
MSP channel 4 retry_count: double = 0, outer = 0.

MSP channel 5 error_count: single = 0, double = 0, bdouble = 0, outer = 0, bouter = 0.
MSP channel 5 retry_count: double = 0, outer = 0.

MSP channel 6 error_count: single = 0, double = 0, bdouble = 0, outer = 0, bouter = 0.
MSP channel 6 retry_count: double = 0, outer = 0.

MSP channel 7 error_count: single = 0, double = 0, bdouble = 0, outer = 0, bouter = 0.
MSP channel 7 retry_count: double = 0, outer = 0.
------------------------------------------------------------------
----------------- memory read transaction counts -----------------
MSP channel 0 cmd_count: to FIFO = 3837, from FIFO = 3837, EMIF = 3837.
MSP channel 0 resp_count: from FIFO = 3837, to FIFO = 3837, EMIF = 3837.

MSP channel 1 cmd_count: to FIFO = 1890, from FIFO = 1890, EMIF = 1890.
MSP channel 1 resp_count: from FIFO = 1890, to FIFO = 1890, EMIF = 1890.

MSP channel 2 cmd_count: to FIFO = 446, from FIFO = 446, EMIF = 446.
MSP channel 2 resp_count: from FIFO = 446, to FIFO = 446, EMIF = 446.

MSP channel 3 cmd_count: to FIFO = 2247, from FIFO = 2247, EMIF = 2247.
MSP channel 3 resp_count: from FIFO = 2247, to FIFO = 2247, EMIF = 2247.

MSP channel 4 cmd_count: to FIFO = 231, from FIFO = 231, EMIF = 231.
MSP channel 4 resp_count: from FIFO = 231, to FIFO = 231, EMIF = 231.

MSP channel 5 cmd_count: to FIFO = 3381, from FIFO = 3381, EMIF = 3381.
MSP channel 5 resp_count: from FIFO = 3381, to FIFO = 3381, EMIF = 3381.

MSP channel 6 cmd_count: to FIFO = 595, from FIFO = 595, EMIF = 595.
MSP channel 6 resp_count: from FIFO = 595, to FIFO = 595, EMIF = 595.

MSP channel 7 cmd_count: to FIFO = 3276, from FIFO = 3276, EMIF = 3276.
MSP channel 7 resp_count: from FIFO = 3276, to FIFO = 3276, EMIF = 3276.
------------------------------------------------------------------
[STATUS]: SEQ producer iterations between SRIO checks, min: 62395, max: 62682
[STATUS]: pthread 7910 called __consumer_tsr_queue_destroy (CONSUMER_TID=7910, PRODUCER_TID=7916).
[STATUS]: Threaded SEQ: max_elements 1
[STATUS]: Threaded SEQ: alloc_elements 1
[STATUS]: Threaded SEQ: put_elements 1
[STATUS]: Threaded SEQ: get_elements 1
[STATUS]: Threaded SEQ: empty_queue 1
[STATUS]: Threaded SEQ: full_queue 0
-------------------- NODE sn25 --------------------
[STATUS]: Found Stratix10 in device tree.
[STATUS]: set_enable_gcs()...
[STATUS]: seq_size=0x0000_0000_0080_0000
[STATUS]: rqd_size=0x0000_0000_0fff_ff00
[STATUS]: rqd_buffer_end_addr=0x0000_0000_107f_ff00
[STATUS]: chkpt_start_addr=0x0000_0000_83ff_fa00
[STATUS]: msp_base_addr=0x0000_0000_8400_0000
[STATUS]: msp_limit_addr=0x0000_000f_7c00_0000
[STATUS]: chkpt_val = 0x1
[STATUS]: Received notification from another node to initiate checkpointing
[STATUS]: checkpoint_node_phase1() Starting...
[STATUS]: write_checkpoint_flag: Node[25] sending checkpoint flags (WRD to addr 0x83fffa00) to nodes 0-31
[STATUS]: write_checkpoint_flag: Node[25] completed sending checkpoint flags
[STATUS]: Verifying GC checkpoint for cluster[0].
[STATUS]: Verifying GC checkpoint for cluster[1].
[STATUS]: Verifying GC checkpoint for cluster[2].
[STATUS]: Verifying GC checkpoint for cluster[3].
[STATUS]: Verifying GC checkpoint for cluster[4].
[STATUS]: Verifying GC checkpoint for cluster[5].
[STATUS]: checkpoint_node_phase1() Concluded.
[STATUS]: Done checkpointing node
[STATUS]: checkpoint phase 2 complete.
[STATUS]: checkpoint_node_phase3() Starting...
[STATUS]: Ensure GC Checkpoints are done
[STATUS]: Drain RQD
[STATUS]: RQD drain on MSP[0] complete.
[STATUS]: checkpoint_node_phase3() Concluding...
[STATUS]: Node[25] sending checkpoint DONE flags to nodes 0-31
[STATUS]: __checkpoint_step_done: Sending checkpoint DONE (ROR to addr 0x83fffa08) flags
[STATUS]: __checkpoint_step_done: Completed sending checkpoint DONE flags
[STATUS]: collective_checkpoint_step_done: Node[25] sending collective checkpoint value (read and send ROR at addr 0x83fffa08) to nodes 0-31
[STATUS]: collective_checkpoint_step_done: Node[25] completed sending collective checkpoint.
[STATUS]: emu_seq_handler_background: run_seq_frontend complete
AID0:
	QUEUE:	COUNT:
	0x0	0
	0x1	0
	0x2	0
	0x3	0
	0x4	0
	0x5	0
	0x6	0
	0x7	0
	0x8	0
	0x9	0
	0xa	0
	0xb	0
	0xc	0
	0xd	0
	0xe	0
	0xf	0
[STATUS]: SEQ poll iterations between de-queue checks, min: 0, max: 0
[STATUS]: RUNQ poll iterations between de-queue checks, min: 0, max: 0
------------------------ ecc error counts ------------------------
MSP channel 0 error_count: single = 0, double = 0, bdouble = 0, outer = 0, bouter = 0.
MSP channel 0 retry_count: double = 0, outer = 0.

MSP channel 1 error_count: single = 0, double = 0, bdouble = 0, outer = 0, bouter = 0.
MSP channel 1 retry_count: double = 0, outer = 0.

MSP channel 2 error_count: single = 0, double = 0, bdouble = 0, outer = 0, bouter = 0.
MSP channel 2 retry_count: double = 0, outer = 0.

MSP channel 3 error_count: single = 0, double = 0, bdouble = 0, outer = 0, bouter = 0.
MSP channel 3 retry_count: double = 0, outer = 0.

MSP channel 4 error_count: single = 0, double = 0, bdouble = 0, outer = 0, bouter = 0.
MSP channel 4 retry_count: double = 0, outer = 0.

MSP channel 5 error_count: single = 0, double = 0, bdouble = 0, outer = 0, bouter = 0.
MSP channel 5 retry_count: double = 0, outer = 0.

MSP channel 6 error_count: single = 0, double = 0, bdouble = 0, outer = 0, bouter = 0.
MSP channel 6 retry_count: double = 0, outer = 0.

MSP channel 7 error_count: single = 0, double = 0, bdouble = 0, outer = 0, bouter = 0.
MSP channel 7 retry_count: double = 0, outer = 0.
------------------------------------------------------------------
----------------- memory read transaction counts -----------------
MSP channel 0 cmd_count: to FIFO = 1186, from FIFO = 1186, EMIF = 1186.
MSP channel 0 resp_count: from FIFO = 1186, to FIFO = 1186, EMIF = 1186.

MSP channel 1 cmd_count: to FIFO = 3070, from FIFO = 3070, EMIF = 3070.
MSP channel 1 resp_count: from FIFO = 3070, to FIFO = 3070, EMIF = 3070.

MSP channel 2 cmd_count: to FIFO = 4053, from FIFO = 4053, EMIF = 4053.
MSP channel 2 resp_count: from FIFO = 4053, to FIFO = 4053, EMIF = 4053.

MSP channel 3 cmd_count: to FIFO = 3858, from FIFO = 3858, EMIF = 3858.
MSP channel 3 resp_count: from FIFO = 3858, to FIFO = 3858, EMIF = 3858.

MSP channel 4 cmd_count: to FIFO = 3498, from FIFO = 3498, EMIF = 3498.
MSP channel 4 resp_count: from FIFO = 3498, to FIFO = 3498, EMIF = 3498.

MSP channel 5 cmd_count: to FIFO = 1639, from FIFO = 1639, EMIF = 1639.
MSP channel 5 resp_count: from FIFO = 1639, to FIFO = 1639, EMIF = 1639.

MSP channel 6 cmd_count: to FIFO = 1641, from FIFO = 1641, EMIF = 1641.
MSP channel 6 resp_count: from FIFO = 1641, to FIFO = 1641, EMIF = 1641.

MSP channel 7 cmd_count: to FIFO = 146, from FIFO = 146, EMIF = 146.
MSP channel 7 resp_count: from FIFO = 146, to FIFO = 146, EMIF = 146.
------------------------------------------------------------------
[STATUS]: SEQ producer iterations between SRIO checks, min: 62358, max: 62616
[STATUS]: pthread 7750 called __consumer_tsr_queue_destroy (CONSUMER_TID=7750, PRODUCER_TID=7756).
[STATUS]: Threaded SEQ: max_elements 1
[STATUS]: Threaded SEQ: alloc_elements 1
[STATUS]: Threaded SEQ: put_elements 1
[STATUS]: Threaded SEQ: get_elements 1
[STATUS]: Threaded SEQ: empty_queue 1
[STATUS]: Threaded SEQ: full_queue 0
-------------------- NODE sn26 --------------------
[STATUS]: Found Stratix10 in device tree.
[STATUS]: set_enable_gcs()...
[STATUS]: seq_size=0x0000_0000_0080_0000
[STATUS]: rqd_size=0x0000_0000_0fff_ff00
[STATUS]: rqd_buffer_end_addr=0x0000_0000_107f_ff00
[STATUS]: chkpt_start_addr=0x0000_0000_83ff_fa00
[STATUS]: msp_base_addr=0x0000_0000_8400_0000
[STATUS]: msp_limit_addr=0x0000_000f_7c00_0000
[STATUS]: chkpt_val = 0x1
[STATUS]: Received notification from another node to initiate checkpointing
[STATUS]: checkpoint_node_phase1() Starting...
[STATUS]: write_checkpoint_flag: Node[26] sending checkpoint flags (WRD to addr 0x83fffa00) to nodes 0-31
[STATUS]: write_checkpoint_flag: Node[26] completed sending checkpoint flags
[STATUS]: Verifying GC checkpoint for cluster[0].
[STATUS]: Verifying GC checkpoint for cluster[1].
[STATUS]: Verifying GC checkpoint for cluster[2].
[STATUS]: Verifying GC checkpoint for cluster[3].
[STATUS]: Verifying GC checkpoint for cluster[4].
[STATUS]: Verifying GC checkpoint for cluster[5].
[STATUS]: checkpoint_node_phase1() Concluded.
[STATUS]: Done checkpointing node
[STATUS]: checkpoint phase 2 complete.
[STATUS]: checkpoint_node_phase3() Starting...
[STATUS]: Ensure GC Checkpoints are done
[STATUS]: Drain RQD
[STATUS]: RQD drain on MSP[0] complete.
[STATUS]: checkpoint_node_phase3() Concluding...
[STATUS]: Node[26] sending checkpoint DONE flags to nodes 0-31
[STATUS]: __checkpoint_step_done: Sending checkpoint DONE (ROR to addr 0x83fffa08) flags
[STATUS]: __checkpoint_step_done: Completed sending checkpoint DONE flags
[STATUS]: collective_checkpoint_step_done: Node[26] sending collective checkpoint value (read and send ROR at addr 0x83fffa08) to nodes 0-31
[STATUS]: collective_checkpoint_step_done: Node[26] completed sending collective checkpoint.
[STATUS]: emu_seq_handler_background: run_seq_frontend complete
AID0:
	QUEUE:	COUNT:
	0x0	0
	0x1	0
	0x2	0
	0x3	0
	0x4	0
	0x5	0
	0x6	0
	0x7	0
	0x8	0
	0x9	0
	0xa	0
	0xb	0
	0xc	0
	0xd	0
	0xe	0
	0xf	0
[STATUS]: SEQ poll iterations between de-queue checks, min: 0, max: 0
[STATUS]: RUNQ poll iterations between de-queue checks, min: 0, max: 0
------------------------ ecc error counts ------------------------
MSP channel 0 error_count: single = 0, double = 0, bdouble = 0, outer = 0, bouter = 0.
MSP channel 0 retry_count: double = 0, outer = 0.

MSP channel 1 error_count: single = 0, double = 0, bdouble = 0, outer = 0, bouter = 0.
MSP channel 1 retry_count: double = 0, outer = 0.

MSP channel 2 error_count: single = 0, double = 0, bdouble = 0, outer = 0, bouter = 0.
MSP channel 2 retry_count: double = 0, outer = 0.

MSP channel 3 error_count: single = 0, double = 0, bdouble = 0, outer = 0, bouter = 0.
MSP channel 3 retry_count: double = 0, outer = 0.

MSP channel 4 error_count: single = 0, double = 0, bdouble = 0, outer = 0, bouter = 0.
MSP channel 4 retry_count: double = 0, outer = 0.

MSP channel 5 error_count: single = 0, double = 0, bdouble = 0, outer = 0, bouter = 0.
MSP channel 5 retry_count: double = 0, outer = 0.

MSP channel 6 error_count: single = 0, double = 0, bdouble = 0, outer = 0, bouter = 0.
MSP channel 6 retry_count: double = 0, outer = 0.

MSP channel 7 error_count: single = 0, double = 0, bdouble = 0, outer = 0, bouter = 0.
MSP channel 7 retry_count: double = 0, outer = 0.
------------------------------------------------------------------
----------------- memory read transaction counts -----------------
MSP channel 0 cmd_count: to FIFO = 1578, from FIFO = 1578, EMIF = 1578.
MSP channel 0 resp_count: from FIFO = 1578, to FIFO = 1578, EMIF = 1578.

MSP channel 1 cmd_count: to FIFO = 518, from FIFO = 518, EMIF = 518.
MSP channel 1 resp_count: from FIFO = 518, to FIFO = 518, EMIF = 518.

MSP channel 2 cmd_count: to FIFO = 1903, from FIFO = 1903, EMIF = 1903.
MSP channel 2 resp_count: from FIFO = 1903, to FIFO = 1903, EMIF = 1903.

MSP channel 3 cmd_count: to FIFO = 485, from FIFO = 485, EMIF = 485.
MSP channel 3 resp_count: from FIFO = 485, to FIFO = 485, EMIF = 485.

MSP channel 4 cmd_count: to FIFO = 3542, from FIFO = 3542, EMIF = 3542.
MSP channel 4 resp_count: from FIFO = 3542, to FIFO = 3542, EMIF = 3542.

MSP channel 5 cmd_count: to FIFO = 1862, from FIFO = 1862, EMIF = 1862.
MSP channel 5 resp_count: from FIFO = 1862, to FIFO = 1862, EMIF = 1862.

MSP channel 6 cmd_count: to FIFO = 646, from FIFO = 646, EMIF = 646.
MSP channel 6 resp_count: from FIFO = 646, to FIFO = 646, EMIF = 646.

MSP channel 7 cmd_count: to FIFO = 670, from FIFO = 670, EMIF = 670.
MSP channel 7 resp_count: from FIFO = 670, to FIFO = 670, EMIF = 670.
------------------------------------------------------------------
[STATUS]: SEQ producer iterations between SRIO checks, min: 62339, max: 62647
[STATUS]: pthread 7684 called __consumer_tsr_queue_destroy (CONSUMER_TID=7684, PRODUCER_TID=7690).
[STATUS]: Threaded SEQ: max_elements 1
[STATUS]: Threaded SEQ: alloc_elements 1
[STATUS]: Threaded SEQ: put_elements 1
[STATUS]: Threaded SEQ: get_elements 1
[STATUS]: Threaded SEQ: empty_queue 1
[STATUS]: Threaded SEQ: full_queue 0
-------------------- NODE sn27 --------------------
[STATUS]: Found Stratix10 in device tree.
[STATUS]: set_enable_gcs()...
[STATUS]: seq_size=0x0000_0000_0080_0000
[STATUS]: rqd_size=0x0000_0000_0fff_ff00
[STATUS]: rqd_buffer_end_addr=0x0000_0000_107f_ff00
[STATUS]: chkpt_start_addr=0x0000_0000_83ff_fa00
[STATUS]: msp_base_addr=0x0000_0000_8400_0000
[STATUS]: msp_limit_addr=0x0000_000f_7c00_0000
[STATUS]: chkpt_val = 0x1
[STATUS]: Received notification from another node to initiate checkpointing
[STATUS]: checkpoint_node_phase1() Starting...
[STATUS]: write_checkpoint_flag: Node[27] sending checkpoint flags (WRD to addr 0x83fffa00) to nodes 0-31
[STATUS]: write_checkpoint_flag: Node[27] completed sending checkpoint flags
[STATUS]: Verifying GC checkpoint for cluster[0].
[STATUS]: Verifying GC checkpoint for cluster[1].
[STATUS]: Verifying GC checkpoint for cluster[2].
[STATUS]: Verifying GC checkpoint for cluster[3].
[STATUS]: Verifying GC checkpoint for cluster[4].
[STATUS]: Verifying GC checkpoint for cluster[5].
[STATUS]: checkpoint_node_phase1() Concluded.
[STATUS]: Done checkpointing node
[STATUS]: checkpoint phase 2 complete.
[STATUS]: checkpoint_node_phase3() Starting...
[STATUS]: Ensure GC Checkpoints are done
[STATUS]: Drain RQD
[STATUS]: RQD drain on MSP[0] complete.
[STATUS]: checkpoint_node_phase3() Concluding...
[STATUS]: Node[27] sending checkpoint DONE flags to nodes 0-31
[STATUS]: __checkpoint_step_done: Sending checkpoint DONE (ROR to addr 0x83fffa08) flags
[STATUS]: __checkpoint_step_done: Completed sending checkpoint DONE flags
[STATUS]: collective_checkpoint_step_done: Node[27] sending collective checkpoint value (read and send ROR at addr 0x83fffa08) to nodes 0-31
[STATUS]: collective_checkpoint_step_done: Node[27] completed sending collective checkpoint.
[STATUS]: emu_seq_handler_background: run_seq_frontend complete
AID0:
	QUEUE:	COUNT:
	0x0	0
	0x1	0
	0x2	0
	0x3	0
	0x4	0
	0x5	0
	0x6	0
	0x7	0
	0x8	0
	0x9	0
	0xa	0
	0xb	0
	0xc	0
	0xd	0
	0xe	0
	0xf	0
[STATUS]: SEQ poll iterations between de-queue checks, min: 0, max: 0
[STATUS]: RUNQ poll iterations between de-queue checks, min: 0, max: 0
------------------------ ecc error counts ------------------------
MSP channel 0 error_count: single = 0, double = 0, bdouble = 0, outer = 0, bouter = 0.
MSP channel 0 retry_count: double = 0, outer = 0.

MSP channel 1 error_count: single = 0, double = 0, bdouble = 0, outer = 0, bouter = 0.
MSP channel 1 retry_count: double = 0, outer = 0.

MSP channel 2 error_count: single = 0, double = 0, bdouble = 0, outer = 0, bouter = 0.
MSP channel 2 retry_count: double = 0, outer = 0.

MSP channel 3 error_count: single = 0, double = 0, bdouble = 0, outer = 0, bouter = 0.
MSP channel 3 retry_count: double = 0, outer = 0.

MSP channel 4 error_count: single = 0, double = 0, bdouble = 0, outer = 0, bouter = 0.
MSP channel 4 retry_count: double = 0, outer = 0.

MSP channel 5 error_count: single = 0, double = 0, bdouble = 0, outer = 0, bouter = 0.
MSP channel 5 retry_count: double = 0, outer = 0.

MSP channel 6 error_count: single = 0, double = 0, bdouble = 0, outer = 0, bouter = 0.
MSP channel 6 retry_count: double = 0, outer = 0.

MSP channel 7 error_count: single = 0, double = 0, bdouble = 0, outer = 0, bouter = 0.
MSP channel 7 retry_count: double = 0, outer = 0.
------------------------------------------------------------------
----------------- memory read transaction counts -----------------
MSP channel 0 cmd_count: to FIFO = 2344, from FIFO = 2344, EMIF = 2344.
MSP channel 0 resp_count: from FIFO = 2344, to FIFO = 2344, EMIF = 2344.

MSP channel 1 cmd_count: to FIFO = 3532, from FIFO = 3532, EMIF = 3532.
MSP channel 1 resp_count: from FIFO = 3532, to FIFO = 3532, EMIF = 3532.

MSP channel 2 cmd_count: to FIFO = 3035, from FIFO = 3035, EMIF = 3035.
MSP channel 2 resp_count: from FIFO = 3035, to FIFO = 3035, EMIF = 3035.

MSP channel 3 cmd_count: to FIFO = 500, from FIFO = 500, EMIF = 500.
MSP channel 3 resp_count: from FIFO = 500, to FIFO = 500, EMIF = 500.

MSP channel 4 cmd_count: to FIFO = 1312, from FIFO = 1312, EMIF = 1312.
MSP channel 4 resp_count: from FIFO = 1312, to FIFO = 1312, EMIF = 1312.

MSP channel 5 cmd_count: to FIFO = 1084, from FIFO = 1084, EMIF = 1084.
MSP channel 5 resp_count: from FIFO = 1084, to FIFO = 1084, EMIF = 1084.

MSP channel 6 cmd_count: to FIFO = 2548, from FIFO = 2548, EMIF = 2548.
MSP channel 6 resp_count: from FIFO = 2548, to FIFO = 2548, EMIF = 2548.

MSP channel 7 cmd_count: to FIFO = 1078, from FIFO = 1078, EMIF = 1078.
MSP channel 7 resp_count: from FIFO = 1078, to FIFO = 1078, EMIF = 1078.
------------------------------------------------------------------
[STATUS]: SEQ producer iterations between SRIO checks, min: 62436, max: 62681
[STATUS]: pthread 7687 called __consumer_tsr_queue_destroy (CONSUMER_TID=7687, PRODUCER_TID=7693).
[STATUS]: Threaded SEQ: max_elements 1
[STATUS]: Threaded SEQ: alloc_elements 1
[STATUS]: Threaded SEQ: put_elements 1
[STATUS]: Threaded SEQ: get_elements 1
[STATUS]: Threaded SEQ: empty_queue 1
[STATUS]: Threaded SEQ: full_queue 0
-------------------- NODE sn28 --------------------
[STATUS]: Found Stratix10 in device tree.
[STATUS]: set_enable_gcs()...
[STATUS]: seq_size=0x0000_0000_0080_0000
[STATUS]: rqd_size=0x0000_0000_0fff_ff00
[STATUS]: rqd_buffer_end_addr=0x0000_0000_107f_ff00
[STATUS]: chkpt_start_addr=0x0000_0000_83ff_fa00
[STATUS]: msp_base_addr=0x0000_0000_8400_0000
[STATUS]: msp_limit_addr=0x0000_000f_7c00_0000
[STATUS]: chkpt_val = 0x1
[STATUS]: Received notification from another node to initiate checkpointing
[STATUS]: checkpoint_node_phase1() Starting...
[STATUS]: write_checkpoint_flag: Node[28] sending checkpoint flags (WRD to addr 0x83fffa00) to nodes 0-31
[STATUS]: write_checkpoint_flag: Node[28] completed sending checkpoint flags
[STATUS]: Verifying GC checkpoint for cluster[0].
[STATUS]: Verifying GC checkpoint for cluster[1].
[STATUS]: Verifying GC checkpoint for cluster[2].
[STATUS]: Verifying GC checkpoint for cluster[3].
[STATUS]: Verifying GC checkpoint for cluster[4].
[STATUS]: Verifying GC checkpoint for cluster[5].
[STATUS]: checkpoint_node_phase1() Concluded.
[STATUS]: Done checkpointing node
[STATUS]: checkpoint phase 2 complete.
[STATUS]: checkpoint_node_phase3() Starting...
[STATUS]: Ensure GC Checkpoints are done
[STATUS]: Drain RQD
[STATUS]: RQD drain on MSP[0] complete.
[STATUS]: checkpoint_node_phase3() Concluding...
[STATUS]: Node[28] sending checkpoint DONE flags to nodes 0-31
[STATUS]: __checkpoint_step_done: Sending checkpoint DONE (ROR to addr 0x83fffa08) flags
[STATUS]: __checkpoint_step_done: Completed sending checkpoint DONE flags
[STATUS]: collective_checkpoint_step_done: Node[28] sending collective checkpoint value (read and send ROR at addr 0x83fffa08) to nodes 0-31
[STATUS]: collective_checkpoint_step_done: Node[28] completed sending collective checkpoint.
[STATUS]: emu_seq_handler_background: run_seq_frontend complete
AID0:
	QUEUE:	COUNT:
	0x0	0
	0x1	0
	0x2	0
	0x3	0
	0x4	0
	0x5	0
	0x6	0
	0x7	0
	0x8	0
	0x9	0
	0xa	0
	0xb	0
	0xc	0
	0xd	0
	0xe	0
	0xf	0
[STATUS]: SEQ poll iterations between de-queue checks, min: 0, max: 0
[STATUS]: RUNQ poll iterations between de-queue checks, min: 0, max: 0
------------------------ ecc error counts ------------------------
MSP channel 0 error_count: single = 0, double = 0, bdouble = 0, outer = 0, bouter = 0.
MSP channel 0 retry_count: double = 0, outer = 0.

MSP channel 1 error_count: single = 0, double = 0, bdouble = 0, outer = 0, bouter = 0.
MSP channel 1 retry_count: double = 0, outer = 0.

MSP channel 2 error_count: single = 0, double = 0, bdouble = 0, outer = 0, bouter = 0.
MSP channel 2 retry_count: double = 0, outer = 0.

MSP channel 3 error_count: single = 0, double = 0, bdouble = 0, outer = 0, bouter = 0.
MSP channel 3 retry_count: double = 0, outer = 0.

MSP channel 4 error_count: single = 0, double = 0, bdouble = 0, outer = 0, bouter = 0.
MSP channel 4 retry_count: double = 0, outer = 0.

MSP channel 5 error_count: single = 0, double = 0, bdouble = 0, outer = 0, bouter = 0.
MSP channel 5 retry_count: double = 0, outer = 0.

MSP channel 6 error_count: single = 0, double = 0, bdouble = 0, outer = 0, bouter = 0.
MSP channel 6 retry_count: double = 0, outer = 0.

MSP channel 7 error_count: single = 0, double = 0, bdouble = 0, outer = 0, bouter = 0.
MSP channel 7 retry_count: double = 0, outer = 0.
------------------------------------------------------------------
----------------- memory read transaction counts -----------------
MSP channel 0 cmd_count: to FIFO = 3566, from FIFO = 3566, EMIF = 3566.
MSP channel 0 resp_count: from FIFO = 3566, to FIFO = 3566, EMIF = 3566.

MSP channel 1 cmd_count: to FIFO = 2372, from FIFO = 2372, EMIF = 2372.
MSP channel 1 resp_count: from FIFO = 2372, to FIFO = 2372, EMIF = 2372.

MSP channel 2 cmd_count: to FIFO = 119, from FIFO = 119, EMIF = 119.
MSP channel 2 resp_count: from FIFO = 119, to FIFO = 119, EMIF = 119.

MSP channel 3 cmd_count: to FIFO = 499, from FIFO = 499, EMIF = 499.
MSP channel 3 resp_count: from FIFO = 499, to FIFO = 499, EMIF = 499.

MSP channel 4 cmd_count: to FIFO = 1843, from FIFO = 1843, EMIF = 1843.
MSP channel 4 resp_count: from FIFO = 1843, to FIFO = 1843, EMIF = 1843.

MSP channel 5 cmd_count: to FIFO = 2223, from FIFO = 2223, EMIF = 2223.
MSP channel 5 resp_count: from FIFO = 2223, to FIFO = 2223, EMIF = 2223.

MSP channel 6 cmd_count: to FIFO = 2229, from FIFO = 2229, EMIF = 2229.
MSP channel 6 resp_count: from FIFO = 2229, to FIFO = 2229, EMIF = 2229.

MSP channel 7 cmd_count: to FIFO = 2822, from FIFO = 2822, EMIF = 2822.
MSP channel 7 resp_count: from FIFO = 2822, to FIFO = 2822, EMIF = 2822.
------------------------------------------------------------------
[STATUS]: SEQ producer iterations between SRIO checks, min: 62518, max: 62641
[STATUS]: pthread 7710 called __consumer_tsr_queue_destroy (CONSUMER_TID=7710, PRODUCER_TID=7716).
[STATUS]: Threaded SEQ: max_elements 1
[STATUS]: Threaded SEQ: alloc_elements 1
[STATUS]: Threaded SEQ: put_elements 1
[STATUS]: Threaded SEQ: get_elements 1
[STATUS]: Threaded SEQ: empty_queue 1
[STATUS]: Threaded SEQ: full_queue 0
-------------------- NODE sn29 --------------------
[STATUS]: Found Stratix10 in device tree.
[STATUS]: set_enable_gcs()...
[STATUS]: seq_size=0x0000_0000_0080_0000
[STATUS]: rqd_size=0x0000_0000_0fff_ff00
[STATUS]: rqd_buffer_end_addr=0x0000_0000_107f_ff00
[STATUS]: chkpt_start_addr=0x0000_0000_83ff_fa00
[STATUS]: msp_base_addr=0x0000_0000_8400_0000
[STATUS]: msp_limit_addr=0x0000_000f_7c00_0000
[STATUS]: chkpt_val = 0x1
[STATUS]: Received notification from another node to initiate checkpointing
[STATUS]: checkpoint_node_phase1() Starting...
[STATUS]: write_checkpoint_flag: Node[29] sending checkpoint flags (WRD to addr 0x83fffa00) to nodes 0-31
[STATUS]: write_checkpoint_flag: Node[29] completed sending checkpoint flags
[STATUS]: Verifying GC checkpoint for cluster[0].
[STATUS]: Verifying GC checkpoint for cluster[1].
[STATUS]: Verifying GC checkpoint for cluster[2].
[STATUS]: Verifying GC checkpoint for cluster[3].
[STATUS]: Verifying GC checkpoint for cluster[4].
[STATUS]: Verifying GC checkpoint for cluster[5].
[STATUS]: checkpoint_node_phase1() Concluded.
[STATUS]: Done checkpointing node
[STATUS]: checkpoint phase 2 complete.
[STATUS]: checkpoint_node_phase3() Starting...
[STATUS]: Ensure GC Checkpoints are done
[STATUS]: Drain RQD
[STATUS]: RQD drain on MSP[0] complete.
[STATUS]: checkpoint_node_phase3() Concluding...
[STATUS]: Node[29] sending checkpoint DONE flags to nodes 0-31
[STATUS]: __checkpoint_step_done: Sending checkpoint DONE (ROR to addr 0x83fffa08) flags
[STATUS]: __checkpoint_step_done: Completed sending checkpoint DONE flags
[STATUS]: collective_checkpoint_step_done: Node[29] sending collective checkpoint value (read and send ROR at addr 0x83fffa08) to nodes 0-31
[STATUS]: collective_checkpoint_step_done: Node[29] completed sending collective checkpoint.
[STATUS]: emu_seq_handler_background: run_seq_frontend complete
AID0:
	QUEUE:	COUNT:
	0x0	0
	0x1	0
	0x2	0
	0x3	0
	0x4	0
	0x5	0
	0x6	0
	0x7	0
	0x8	0
	0x9	0
	0xa	0
	0xb	0
	0xc	0
	0xd	0
	0xe	0
	0xf	0
[STATUS]: SEQ poll iterations between de-queue checks, min: 0, max: 0
[STATUS]: RUNQ poll iterations between de-queue checks, min: 0, max: 0
------------------------ ecc error counts ------------------------
MSP channel 0 error_count: single = 0, double = 0, bdouble = 0, outer = 0, bouter = 0.
MSP channel 0 retry_count: double = 0, outer = 0.

MSP channel 1 error_count: single = 0, double = 0, bdouble = 0, outer = 0, bouter = 0.
MSP channel 1 retry_count: double = 0, outer = 0.

MSP channel 2 error_count: single = 0, double = 0, bdouble = 0, outer = 0, bouter = 0.
MSP channel 2 retry_count: double = 0, outer = 0.

MSP channel 3 error_count: single = 0, double = 0, bdouble = 0, outer = 0, bouter = 0.
MSP channel 3 retry_count: double = 0, outer = 0.

MSP channel 4 error_count: single = 0, double = 0, bdouble = 0, outer = 0, bouter = 0.
MSP channel 4 retry_count: double = 0, outer = 0.

MSP channel 5 error_count: single = 0, double = 0, bdouble = 0, outer = 0, bouter = 0.
MSP channel 5 retry_count: double = 0, outer = 0.

MSP channel 6 error_count: single = 0, double = 0, bdouble = 0, outer = 0, bouter = 0.
MSP channel 6 retry_count: double = 0, outer = 0.

MSP channel 7 error_count: single = 0, double = 0, bdouble = 0, outer = 0, bouter = 0.
MSP channel 7 retry_count: double = 0, outer = 0.
------------------------------------------------------------------
----------------- memory read transaction counts -----------------
MSP channel 0 cmd_count: to FIFO = 3170, from FIFO = 3170, EMIF = 3170.
MSP channel 0 resp_count: from FIFO = 3170, to FIFO = 3170, EMIF = 3170.

MSP channel 1 cmd_count: to FIFO = 2, from FIFO = 2, EMIF = 2.
MSP channel 1 resp_count: from FIFO = 2, to FIFO = 2, EMIF = 2.

MSP channel 2 cmd_count: to FIFO = 2534, from FIFO = 2534, EMIF = 2534.
MSP channel 2 resp_count: from FIFO = 2534, to FIFO = 2534, EMIF = 2534.

MSP channel 3 cmd_count: to FIFO = 3553, from FIFO = 3553, EMIF = 3553.
MSP channel 3 resp_count: from FIFO = 3553, to FIFO = 3553, EMIF = 3553.

MSP channel 4 cmd_count: to FIFO = 3446, from FIFO = 3446, EMIF = 3446.
MSP channel 4 resp_count: from FIFO = 3446, to FIFO = 3446, EMIF = 3446.

MSP channel 5 cmd_count: to FIFO = 3471, from FIFO = 3471, EMIF = 3471.
MSP channel 5 resp_count: from FIFO = 3471, to FIFO = 3471, EMIF = 3471.

MSP channel 6 cmd_count: to FIFO = 2816, from FIFO = 2816, EMIF = 2816.
MSP channel 6 resp_count: from FIFO = 2816, to FIFO = 2816, EMIF = 2816.

MSP channel 7 cmd_count: to FIFO = 3184, from FIFO = 3184, EMIF = 3184.
MSP channel 7 resp_count: from FIFO = 3184, to FIFO = 3184, EMIF = 3184.
------------------------------------------------------------------
[STATUS]: SEQ producer iterations between SRIO checks, min: 62567, max: 62684
[STATUS]: pthread 7705 called __consumer_tsr_queue_destroy (CONSUMER_TID=7705, PRODUCER_TID=7711).
[STATUS]: Threaded SEQ: max_elements 1
[STATUS]: Threaded SEQ: alloc_elements 1
[STATUS]: Threaded SEQ: put_elements 1
[STATUS]: Threaded SEQ: get_elements 1
[STATUS]: Threaded SEQ: empty_queue 1
[STATUS]: Threaded SEQ: full_queue 0
-------------------- NODE sn30 --------------------
[STATUS]: Found Stratix10 in device tree.
[STATUS]: set_enable_gcs()...
[STATUS]: seq_size=0x0000_0000_0080_0000
[STATUS]: rqd_size=0x0000_0000_0fff_ff00
[STATUS]: rqd_buffer_end_addr=0x0000_0000_107f_ff00
[STATUS]: chkpt_start_addr=0x0000_0000_83ff_fa00
[STATUS]: msp_base_addr=0x0000_0000_8400_0000
[STATUS]: msp_limit_addr=0x0000_000f_7c00_0000
[STATUS]: chkpt_val = 0x1
[STATUS]: Received notification from another node to initiate checkpointing
[STATUS]: checkpoint_node_phase1() Starting...
[STATUS]: write_checkpoint_flag: Node[30] sending checkpoint flags (WRD to addr 0x83fffa00) to nodes 0-31
[STATUS]: write_checkpoint_flag: Node[30] completed sending checkpoint flags
[STATUS]: Verifying GC checkpoint for cluster[0].
[STATUS]: Verifying GC checkpoint for cluster[1].
[STATUS]: Verifying GC checkpoint for cluster[2].
[STATUS]: Verifying GC checkpoint for cluster[3].
[STATUS]: Verifying GC checkpoint for cluster[4].
[STATUS]: Verifying GC checkpoint for cluster[5].
[STATUS]: checkpoint_node_phase1() Concluded.
[STATUS]: Done checkpointing node
[STATUS]: checkpoint phase 2 complete.
[STATUS]: checkpoint_node_phase3() Starting...
[STATUS]: Ensure GC Checkpoints are done
[STATUS]: Drain RQD
[STATUS]: RQD drain on MSP[0] complete.
[STATUS]: checkpoint_node_phase3() Concluding...
[STATUS]: Node[30] sending checkpoint DONE flags to nodes 0-31
[STATUS]: __checkpoint_step_done: Sending checkpoint DONE (ROR to addr 0x83fffa08) flags
[STATUS]: __checkpoint_step_done: Completed sending checkpoint DONE flags
[STATUS]: collective_checkpoint_step_done: Node[30] sending collective checkpoint value (read and send ROR at addr 0x83fffa08) to nodes 0-31
[STATUS]: collective_checkpoint_step_done: Node[30] completed sending collective checkpoint.
[STATUS]: emu_seq_handler_background: run_seq_frontend complete
AID0:
	QUEUE:	COUNT:
	0x0	0
	0x1	0
	0x2	0
	0x3	0
	0x4	0
	0x5	0
	0x6	0
	0x7	0
	0x8	0
	0x9	0
	0xa	0
	0xb	0
	0xc	0
	0xd	0
	0xe	0
	0xf	0
[STATUS]: SEQ poll iterations between de-queue checks, min: 0, max: 0
[STATUS]: RUNQ poll iterations between de-queue checks, min: 0, max: 0
------------------------ ecc error counts ------------------------
MSP channel 0 error_count: single = 0, double = 0, bdouble = 0, outer = 0, bouter = 0.
MSP channel 0 retry_count: double = 0, outer = 0.

MSP channel 1 error_count: single = 0, double = 0, bdouble = 0, outer = 0, bouter = 0.
MSP channel 1 retry_count: double = 0, outer = 0.

MSP channel 2 error_count: single = 0, double = 0, bdouble = 0, outer = 0, bouter = 0.
MSP channel 2 retry_count: double = 0, outer = 0.

MSP channel 3 error_count: single = 0, double = 0, bdouble = 0, outer = 0, bouter = 0.
MSP channel 3 retry_count: double = 0, outer = 0.

MSP channel 4 error_count: single = 0, double = 0, bdouble = 0, outer = 0, bouter = 0.
MSP channel 4 retry_count: double = 0, outer = 0.

MSP channel 5 error_count: single = 0, double = 0, bdouble = 0, outer = 0, bouter = 0.
MSP channel 5 retry_count: double = 0, outer = 0.

MSP channel 6 error_count: single = 0, double = 0, bdouble = 0, outer = 0, bouter = 0.
MSP channel 6 retry_count: double = 0, outer = 0.

MSP channel 7 error_count: single = 0, double = 0, bdouble = 0, outer = 0, bouter = 0.
MSP channel 7 retry_count: double = 0, outer = 0.
------------------------------------------------------------------
----------------- memory read transaction counts -----------------
MSP channel 0 cmd_count: to FIFO = 3187, from FIFO = 3187, EMIF = 3187.
MSP channel 0 resp_count: from FIFO = 3187, to FIFO = 3187, EMIF = 3187.

MSP channel 1 cmd_count: to FIFO = 314, from FIFO = 314, EMIF = 314.
MSP channel 1 resp_count: from FIFO = 314, to FIFO = 314, EMIF = 314.

MSP channel 2 cmd_count: to FIFO = 2889, from FIFO = 2889, EMIF = 2889.
MSP channel 2 resp_count: from FIFO = 2889, to FIFO = 2889, EMIF = 2889.

MSP channel 3 cmd_count: to FIFO = 3908, from FIFO = 3908, EMIF = 3908.
MSP channel 3 resp_count: from FIFO = 3908, to FIFO = 3908, EMIF = 3908.

MSP channel 4 cmd_count: to FIFO = 2358, from FIFO = 2358, EMIF = 2358.
MSP channel 4 resp_count: from FIFO = 2358, to FIFO = 2358, EMIF = 2358.

MSP channel 5 cmd_count: to FIFO = 716, from FIFO = 716, EMIF = 716.
MSP channel 5 resp_count: from FIFO = 716, to FIFO = 716, EMIF = 716.

MSP channel 6 cmd_count: to FIFO = 463, from FIFO = 463, EMIF = 463.
MSP channel 6 resp_count: from FIFO = 463, to FIFO = 463, EMIF = 463.

MSP channel 7 cmd_count: to FIFO = 3466, from FIFO = 3466, EMIF = 3466.
MSP channel 7 resp_count: from FIFO = 3466, to FIFO = 3466, EMIF = 3466.
------------------------------------------------------------------
[STATUS]: SEQ producer iterations between SRIO checks, min: 62566, max: 62684
[STATUS]: pthread 7708 called __consumer_tsr_queue_destroy (CONSUMER_TID=7708, PRODUCER_TID=7714).
[STATUS]: Threaded SEQ: max_elements 1
[STATUS]: Threaded SEQ: alloc_elements 1
[STATUS]: Threaded SEQ: put_elements 1
[STATUS]: Threaded SEQ: get_elements 1
[STATUS]: Threaded SEQ: empty_queue 1
[STATUS]: Threaded SEQ: full_queue 0
-------------------- NODE sn31 --------------------
[STATUS]: Found Stratix10 in device tree.
[STATUS]: set_enable_gcs()...
[STATUS]: seq_size=0x0000_0000_0080_0000
[STATUS]: rqd_size=0x0000_0000_0fff_ff00
[STATUS]: rqd_buffer_end_addr=0x0000_0000_107f_ff00
[STATUS]: chkpt_start_addr=0x0000_0000_83ff_fa00
[STATUS]: msp_base_addr=0x0000_0000_8400_0000
[STATUS]: msp_limit_addr=0x0000_000f_7c00_0000
[STATUS]: chkpt_val = 0x1
[STATUS]: Received notification from another node to initiate checkpointing
[STATUS]: checkpoint_node_phase1() Starting...
[STATUS]: write_checkpoint_flag: Node[31] sending checkpoint flags (WRD to addr 0x83fffa00) to nodes 0-31
[STATUS]: write_checkpoint_flag: Node[31] completed sending checkpoint flags
[STATUS]: Verifying GC checkpoint for cluster[0].
[STATUS]: Verifying GC checkpoint for cluster[1].
[STATUS]: Verifying GC checkpoint for cluster[2].
[STATUS]: Verifying GC checkpoint for cluster[3].
[STATUS]: Verifying GC checkpoint for cluster[4].
[STATUS]: Verifying GC checkpoint for cluster[5].
[STATUS]: checkpoint_node_phase1() Concluded.
[STATUS]: Done checkpointing node
[STATUS]: checkpoint phase 2 complete.
[STATUS]: checkpoint_node_phase3() Starting...
[STATUS]: Ensure GC Checkpoints are done
[STATUS]: Drain RQD
[STATUS]: RQD drain on MSP[0] complete.
[STATUS]: checkpoint_node_phase3() Concluding...
[STATUS]: Node[31] sending checkpoint DONE flags to nodes 0-31
[STATUS]: __checkpoint_step_done: Sending checkpoint DONE (ROR to addr 0x83fffa08) flags
[STATUS]: __checkpoint_step_done: Completed sending checkpoint DONE flags
[STATUS]: collective_checkpoint_step_done: Node[31] sending collective checkpoint value (read and send ROR at addr 0x83fffa08) to nodes 0-31
[STATUS]: collective_checkpoint_step_done: Node[31] completed sending collective checkpoint.
[STATUS]: emu_seq_handler_background: run_seq_frontend complete
AID0:
	QUEUE:	COUNT:
	0x0	0
	0x1	0
	0x2	0
	0x3	0
	0x4	0
	0x5	0
	0x6	0
	0x7	0
	0x8	0
	0x9	0
	0xa	0
	0xb	0
	0xc	0
	0xd	0
	0xe	0
	0xf	0
[STATUS]: SEQ poll iterations between de-queue checks, min: 0, max: 0
[STATUS]: RUNQ poll iterations between de-queue checks, min: 0, max: 0
------------------------ ecc error counts ------------------------
MSP channel 0 error_count: single = 0, double = 0, bdouble = 0, outer = 0, bouter = 0.
MSP channel 0 retry_count: double = 0, outer = 0.

MSP channel 1 error_count: single = 0, double = 0, bdouble = 0, outer = 0, bouter = 0.
MSP channel 1 retry_count: double = 0, outer = 0.

MSP channel 2 error_count: single = 0, double = 0, bdouble = 0, outer = 0, bouter = 0.
MSP channel 2 retry_count: double = 0, outer = 0.

MSP channel 3 error_count: single = 0, double = 0, bdouble = 0, outer = 0, bouter = 0.
MSP channel 3 retry_count: double = 0, outer = 0.

MSP channel 4 error_count: single = 0, double = 0, bdouble = 0, outer = 0, bouter = 0.
MSP channel 4 retry_count: double = 0, outer = 0.

MSP channel 5 error_count: single = 0, double = 0, bdouble = 0, outer = 0, bouter = 0.
MSP channel 5 retry_count: double = 0, outer = 0.

MSP channel 6 error_count: single = 0, double = 0, bdouble = 0, outer = 0, bouter = 0.
MSP channel 6 retry_count: double = 0, outer = 0.

MSP channel 7 error_count: single = 0, double = 0, bdouble = 0, outer = 0, bouter = 0.
MSP channel 7 retry_count: double = 0, outer = 0.
------------------------------------------------------------------
----------------- memory read transaction counts -----------------
MSP channel 0 cmd_count: to FIFO = 700, from FIFO = 700, EMIF = 700.
MSP channel 0 resp_count: from FIFO = 700, to FIFO = 700, EMIF = 700.

MSP channel 1 cmd_count: to FIFO = 918, from FIFO = 918, EMIF = 918.
MSP channel 1 resp_count: from FIFO = 918, to FIFO = 918, EMIF = 918.

MSP channel 2 cmd_count: to FIFO = 3610, from FIFO = 3610, EMIF = 3610.
MSP channel 2 resp_count: from FIFO = 3610, to FIFO = 3610, EMIF = 3610.

MSP channel 3 cmd_count: to FIFO = 1544, from FIFO = 1544, EMIF = 1544.
MSP channel 3 resp_count: from FIFO = 1544, to FIFO = 1544, EMIF = 1544.

MSP channel 4 cmd_count: to FIFO = 1245, from FIFO = 1245, EMIF = 1245.
MSP channel 4 resp_count: from FIFO = 1245, to FIFO = 1245, EMIF = 1245.

MSP channel 5 cmd_count: to FIFO = 1491, from FIFO = 1491, EMIF = 1491.
MSP channel 5 resp_count: from FIFO = 1491, to FIFO = 1491, EMIF = 1491.

MSP channel 6 cmd_count: to FIFO = 3825, from FIFO = 3825, EMIF = 3825.
MSP channel 6 resp_count: from FIFO = 3825, to FIFO = 3825, EMIF = 3825.

MSP channel 7 cmd_count: to FIFO = 534, from FIFO = 534, EMIF = 534.
MSP channel 7 resp_count: from FIFO = 534, to FIFO = 534, EMIF = 534.
------------------------------------------------------------------
[STATUS]: SEQ producer iterations between SRIO checks, min: 62533, max: 62651
[STATUS]: pthread 7712 called __consumer_tsr_queue_destroy (CONSUMER_TID=7712, PRODUCER_TID=7718).
[STATUS]: Threaded SEQ: max_elements 1
[STATUS]: Threaded SEQ: alloc_elements 1
[STATUS]: Threaded SEQ: put_elements 1
[STATUS]: Threaded SEQ: get_elements 1
[STATUS]: Threaded SEQ: empty_queue 1
[STATUS]: Threaded SEQ: full_queue 0
